Name,OriginID,DestinationID,DestinationRank,Total_Minutes,Total_TimeAt1KPH,Total_TravelTime,Total_TruckMinutes,Total_TruckTravelTime,Total_WalkTime,Total_Kilometers,Total_Miles,Shape_Length
Location 86 - P2122 - Neighborhood Healthcare (MEM),86,86,1,,,0.000000000000000,,,,0.000000000000000,,0.000000000000000
Location 86 - CRF Esperanza Crisis Center,86,466,2,,,1.314570337452766,,,,0.503611136299907,,0.004378077692350
Location 86 - P1427 - The Fellowship Center,86,82,3,,,1.934221865608293,,,,0.555949934069969,,0.003848443552322
Location 86 - P1448 - Foundry Food Pantry,86,94,4,,,1.852606454704075,,,,0.721228439172578,,0.005773339876599
"Location 86 - Foundry Community Church, The (DB)",86,732,5,,,1.852606454704075,,,,0.721228439172578,,0.005773339876599
"Location 86 - Foundry Community Church, The (e-site)",86,797,6,,,1.852606454704075,,,,0.721228439172578,,0.005773339876599
Location 86 - P1446 - Villa Escondido (MEM),86,84,7,,,3.126281941643093,,,,1.134024866007721,,0.005963285954069
Location 86 - Park Avenue Community Center,86,623,8,,,5.188081966915503,,,,1.555235286411001,,0.013058266324538
Location 86 - P2226 - SP: Clothier Child Development Center,86,92,9,,,5.331157036899666,,,,1.557911849649194,,0.011554285212380
Location 86 - Escondido Community Child Development Center,86,497,10,,,5.331157036899666,,,,1.557911849649194,,0.011554285212380
Location 86 - P1547 - Hidden Glenn Senior Living,86,97,11,,,3.685645473433226,,,,1.565999009680988,,0.012132419590145
Location 86 - Hidden Glenn Senior Living,86,385,12,,,3.685645473433226,,,,1.565999009680988,,0.012132419590145
Location 86 - Central Elementary (Escondido Union),86,318,13,,,4.036853995987494,,,,1.639932273558873,,0.012386581341115
Location 86 - Farr Avenue Elementary (Escondido Union),86,319,14,,,5.802597799481886,,,,1.741219582615807,,0.011735611312581
Location 86 - Smart Food Foundation (Distribution),86,355,15,,,5.802597799481886,,,,1.741219582615807,,0.011735611312581
Location 86 - P1434 - AVID Behavioral Day Program,86,83,16,,,5.169008356958561,,,,2.011193758918786,,0.019320416839921
Location 86 - P1079 - Interfaith Community Services - Escondido,86,81,17,,,6.324411502110648,,,,2.076474128733748,,0.019944169646801
Location 86 - Ministerio Tiempo Nuevo,86,371,19,,,4.514816890642588,,,,2.236851740603747,,0.019992234828218
Location 86 - P2206 - BP: Orange Glen Elementary,86,91,20,,,7.081585831226214,,,,2.266246979743885,,0.017144916386028
Location 86 - Oak Hill Elementary School (Escondido Union),86,329,21,,,4.663150293426565,,,,2.471980075555924,,0.020150219681286
Location 86 - Project Manna,86,486,22,,,5.288506017134611,,,,2.552209041275556,,0.026087799802883
Location 86 - Advocate's Christian Ministries Incorporated,86,477,23,,,5.147754195998149,,,,2.631541503913869,,0.025875340334905
Location 86 - Apostolic Assembly Church,86,370,24,,,5.920381993222534,,,,2.689994225807417,,0.018222061689482
Location 86 - P2205 - BP: Conway Elementary,86,99,25,,,7.148972326554485,,,,2.911378432475862,,0.019634203715940
Location 86 - P2225 - SP: Boyce Child Development Center,86,87,26,,,6.301054434909419,,,,3.087219553454862,,0.024181919459862
Location 86 - New Hope Community Church,86,515,27,,,6.255871694576867,,,,3.167649167487746,,0.032449170974267
Location 86 - New Hope Community Church (DB),86,706,28,,,6.255871694576867,,,,3.167649167487746,,0.032449170974267
Location 86 - Felicita Elementary (Escondido Union),86,311,29,,,6.496312495856007,,,,3.181042352309011,,0.024852526953438
Location 86 - P1441 - SP: Escondido High School,86,90,30,,,8.490859119065997,,,,3.182782939388846,,0.024170352911535
Location 86 - P2045 - Ruth Anointed World Ministries,86,98,31,,,7.673442966409940,,,,3.354144609285824,,0.026536944991321
Location 86 - P2244 - PP: Escondido,86,88,32,,,7.060382621395776,,,,3.375309362568403,,0.023127288054086
Location 86 - P1082 - Salvation Army Escondido,86,89,33,,,9.009806973422881,,,,3.420448847681150,,0.023888372814474
"Location 86 - YMCA of San Diego County, Youth and Family Services",86,596,34,,,9.667008001955667,,,,3.557127282577237,,0.025293463320741
Location 86 - R.A.W. Ministries,86,455,35,,,7.203243696449344,,,,3.563725124228109,,0.027316123516850
Location 86 - Windsor Gardens Apartments,86,625,36,,,8.676787740790640,,,,3.787053958968825,,0.037131424508043
Location 86 - Foundation Matthew 633,86,507,37,,,9.301720590069513,,,,4.024014147536996,,0.030174287773136
"Location 86 - Foundation Matthew 633, Inc. (DB)",86,701,38,,,9.301720590069513,,,,4.024014147536996,,0.030174287773136
Location 86 - P1502 - SP: Orange Glen High School,86,95,39,,,8.885216349105185,,,,4.110486799407841,,0.033458557751071
Location 86 - P2349 - San Diego Christian Center (The Center),86,93,40,,,11.642862682353890,,,,4.700712603013361,,0.035481722163024
Location 86 - San Diego Christian Center (Super Pantry),86,487,41,,,11.642862682353890,,,,4.700712603013361,,0.035481722163024
Location 86 - P2079 - SP: San Pasqual High,86,85,42,,,8.940059815174175,,,,4.943072368731114,,0.043896485539321
Location 86 - P1531 - SP: Valley High,86,96,43,,,10.988294046177927,,,,5.895564254500827,,0.050022471442024
Location 86 - Valley High School (Escondido Union),86,807,44,,,10.988294046177927,,,,5.895564254500827,,0.050022471442024
Location 86 - Provision Relief Team,86,460,45,,,15.036284381976921,,,,7.246418086504645,,0.067939315736743
Location 86 - Grace Church San Marcos,86,585,46,,,15.036284381976921,,,,7.246418086504645,,0.067939315736743
Location 86 - P1543 - San Marcos Seventh Day Adventist,86,167,47,,,16.270280239373356,,,,7.773915513464426,,0.066147073630313
Location 86 - Shaback,86,412,48,,,11.896024229920245,,,,7.785081581250468,,0.060069027298626
Location 86 - P1429 - Summit Church,86,140,49,,,17.722145433605753,,,,9.254061392332417,,0.087103538322301
Location 86 - P1438 - TrueCare San Marcos (MEM),86,141,50,,,19.491824641300486,,,,9.262371020286444,,0.085960422638678
Location 86 - TrueCare WIC Program (DB),86,713,51,,,19.491824641300486,,,,9.262371020286444,,0.085960422638678
Location 86 - University of St. Katherine,86,568,52,,,18.904684763384793,,,,9.495227846235780,,0.089816125518797
Location 86 - RESPECT Program (North County Lifeline),86,560,53,,,18.861287325270080,,,,9.866175306349543,,0.091568586853638
Location 86 - San Marcos Senior Activity Center,86,634,54,,,20.818866406832061,,,,10.271314252040080,,0.092713870954979
Location 86 - P1236 - SP: San Marcos Elementary,86,138,55,,,22.090670684845030,,,,10.444918051732255,,0.097659408095097
Location 86 - San Marcos Elementary (San Marcos Unified),86,291,56,,,22.097874731603561,,,,10.446118726192010,,0.097673267925833
Location 86 - P1499 - ASI of CSUSM (CalState San Marcos) (MEM),86,166,57,,,22.417946466210658,,,,11.027241152783139,,0.093904192693899
"Location 86 - Associated Students, Inc.of CSU San Marcos",86,499,58,,,22.417946466210658,,,,11.027241152783139,,0.093904192693899
"Location 86 - Associated Students, Incorporate of CSU San Marcos (DB)",86,698,59,,,22.417946466210658,,,,11.027241152783139,,0.093904192693899
Location 86 - P1370 - MP: San Marcos,86,139,62,,,20.451949658620300,,,,11.838345146695650,,0.094016837794643
"Location 86 - Church at Rancho Bernardo, the",86,652,73,,,16.102191324121254,,,,13.467963199115406,,0.109022548380385
Location 86 - Buckheart Ranch,86,411,76,,,20.319532035828548,,,,14.741628450291868,,0.122902133028192
Location 86 - Camp Cookie Children's Foundation,86,478,77,,,20.958106371798262,,,,15.213212781787147,,0.125163775234402
Location 86 - Los Arcos Apartments,86,653,80,,,20.114755867748038,,,,16.025212206187376,,0.130224650752352
Location 86 - P2329 - MP: Valley Center,86,150,81,,,20.559917487421885,,,,16.357335882475677,,0.123983841614934
Location 86 - P2330 - PP: Valley Center,86,151,82,,,20.559917487421885,,,,16.357335882475677,,0.123983841614934
Location 86 - Smart Food Foundation,86,461,99,,,24.645671209291223,,,,19.955612364546049,,0.144535365619747
Location 86 - P1053 - SVdP St. Stephens,86,149,100,,,21.494754429263256,,,,20.212178712069459,,0.155659920348064
Location 86 - St. Stephen's (Valley Center),86,538,101,,,21.494754429263256,,,,20.212178712069459,,0.155659920348064
Location 86 - Serving & Sharing Foundation Incorporated (mass),86,796,102,,,21.494754429263256,,,,20.212178712069459,,0.155659920348064
Location 86 - P1553 - Mountain View Community Church Ramona,86,135,158,,,23.960634265363119,,,,25.500023351566753,,0.209505637088588
Location 86 - Ramona Grange 632,86,600,170,,,25.465502862450325,,,,27.019285888003552,,0.223159313704754
Location 86 - P1073 - Ramona Food & Clothes Closet,86,133,172,,,26.177004906717983,,,,27.247532843307518,,0.223151322752828
Location 86 - Ramona Food & Clothes Closet Incorporated (e-site),86,761,173,,,26.177004906717983,,,,27.247532843307518,,0.223151322752828
Location 86 - P2331 - MP: Ramona,86,136,177,,,26.124709362443426,,,,27.420775276605461,,0.217575450970651
Location 86 - P1482 - First Congregational Church of Ramona,86,134,178,,,26.541145990735686,,,,27.445544658302751,,0.224149894256012
Location 86 - P1542 - MP: Pauma,86,128,180,,,29.587241807003288,,,,27.511740467213791,,0.193898659703084
Location 86 - P2199 - PP: Pauma,86,129,181,,,29.587241807003288,,,,27.511740467213791,,0.193898659703084
Location 86 - Calvary Chapel Ramona,86,444,182,,,27.757180774436836,,,,27.601533774332921,,0.213780761474517
Location 86 - Ramona Terrace Community,86,667,188,,,27.314040390510314,,,,27.898368583231623,,0.223177960739572
Location 86 - P1045 - In His Steps,86,132,189,,,30.502263438048050,,,,28.014474858843130,,0.211624816321176
Location 86 - North Coast Church (DB),86,715,200,,,32.410095090194339,,,,29.311237454939508,,0.200336113467729
Location 86 - North Coast Church (Distribution),86,361,201,,,32.452558345565784,,,,29.314775824742611,,0.200388429382298
Location 86 - P1043 - Restoration Ranch,86,131,204,,,30.036458789804900,,,,30.028669236400901,,0.183812516214470
Location 86 - Restoration Ranch,86,388,205,,,30.036458789804900,,,,30.028669236400901,,0.183812516214470
Location 157 - P2237 - SP: Vista Innovation Early Education Center,157,157,1,,,0.000000000000000,,,,0.000000000000000,,0.000000000000000
Location 157 - P2163 - Food For Life,157,155,2,,,2.438799081527558,,,,1.307099072866779,,0.009951744495697
Location 157 - North County Lifeline (DB),157,695,3,,,4.308086974766827,,,,1.953609876936552,,0.017170656840760
Location 157 - Womens First Step House of North County,157,554,4,,,4.125521788982523,,,,1.986659841136978,,0.014533929303158
Location 157 - P2185 - Community Housingworks- Santa Fe,157,162,5,,,4.772878458002277,,,,2.168878015526321,,0.014845226017963
Location 157 - P2028 - Tricity Food Pantry,157,161,6,,,5.533133307523618,,,,2.197861432977713,,0.019634669531850
Location 157 - Vista Academy of Visual and Performing Arts (Vista Unified),157,310,7,,,5.751465423307971,,,,2.485308697767972,,0.014644548251333
Location 157 - And Two Fishes,157,599,8,,,5.863484542666252,,,,2.648707822285079,,0.015310987265542
Location 157 - P1557 - Choices in Recovery,157,154,9,,,6.196587180403073,,,,2.734066381879417,,0.024455797606817
Location 157 - Choices in Recovery,157,521,10,,,6.196587180403073,,,,2.734066381879417,,0.024455797606817
Location 157 - Alcance Victoria Vista (Victory Outreach Spanish),157,490,11,,,6.767249781388259,,,,2.794213002631821,,0.024639921011727
Location 157 - All Saints Episcopal Church,157,495,12,,,6.536187868085239,,,,2.871477216130545,,0.026023718866100
Location 157 - P1555 - Operation Hope,157,159,13,,,6.440051466019218,,,,3.050741197836875,,0.026235318620577
Location 157 - Operation HOPE North County,157,535,14,,,6.440051466019218,,,,3.050741197836875,,0.026235318620577
Location 157 - Operation HOPE North County (DB),157,716,15,,,6.440051466019218,,,,3.050741197836875,,0.026235318620577
Location 157 - Cause of Christ,157,494,16,,,7.207024123113035,,,,3.409041995243787,,0.027555512712003
Location 157 - MAAC Project Vista (DB),157,710,17,,,7.485096144680686,,,,3.504533944726409,,0.029489343957155
Location 157 - P1551 - Casa Raphael,157,153,18,,,8.048762313030432,,,,3.544198547062023,,0.031741353213376
Location 157 - Vista Community Clinic,157,491,19,,,7.599755457638755,,,,3.612064355384800,,0.030594181987408
Location 157 - P1371 - MP: Vista,157,116,20,,,6.930500179229149,,,,3.719047467631282,,0.031961736062908
Location 157 - P1436 - Vista Community Clinic (VCC) (MEM),157,117,21,,,6.930500179229149,,,,3.719047467631282,,0.031961736062908
Location 157 - P2182 - Community Housingworks - Cedar,157,156,22,,,10.731444303665040,,,,3.774480225121046,,0.028625626747225
Location 157 - P1468 - North County Sober Living,157,147,23,,,8.275803196063208,,,,3.910047563271219,,0.029456706918674
Location 157 - P1563 - Faith Lutheran,157,160,24,,,8.189928800441752,,,,4.082732845509405,,0.029486047371285
Location 157 - Unleashed Ministries,157,556,25,,,8.350857062320500,,,,4.512157608829856,,0.031800808132767
Location 157 - Gloria McClellan Adult Activity and Resource Center,157,635,26,,,10.197274495057947,,,,4.515354656301863,,0.040056159417834
Location 157 - P1460 - Grace Presbyterian Church,157,158,27,,,9.077263477023889,,,,4.528151352440900,,0.036772288151022
Location 157 - Grace Presbyterian Church,157,458,28,,,9.077263477023889,,,,4.528151352440900,,0.036772288151022
Location 157 - Grace Presbyterian Church (DB),157,688,29,,,9.077263477023889,,,,4.528151352440900,,0.036772288151022
Location 157 - Foothill Oak Elementary (Vista Unified),157,307,30,,,9.697935084608503,,,,4.836009446507764,,0.039997904616272
Location 157 - North County Stone Soup Kitchen,157,581,31,,,9.620186929761546,,,,4.839082215350797,,0.041924103648340
Location 157 - P1464 - Salvation Army Oceanside,157,118,32,,,11.707538129091603,,,,4.889002046178812,,0.038740443865610
Location 157 - Good Neighbor Community Builders,157,483,33,,,10.815923623867555,,,,5.016207950185165,,0.041985970388611
Location 157 - Oceanside Silvercrest Apartments,157,643,34,,,11.886910321944264,,,,5.033717823387317,,0.040078259595443
Location 157 - P2260 - PP: Vista,157,163,35,,,9.074244268893477,,,,5.079887872234181,,0.035575130220696
Location 157 - P1418 - Vista Teen Outreach,157,146,36,,,9.166780586049001,,,,5.248495809945005,,0.042278453775863
Location 157 - Vista Teen Outreach,157,496,37,,,9.166780586049001,,,,5.248495809945005,,0.042278453775863
Location 157 - Vista Teen Outreach (DB),157,696,38,,,9.166780586049001,,,,5.248495809945005,,0.042278453775863
Location 157 - P1584 - MiraCosta Oceanside (OCN) (MEM),157,119,39,,,8.073310244579561,,,,5.309000765601398,,0.045829965213144
Location 157 - MiraCosta College Oceanside Campus (Mobile Pantry),157,358,40,,,8.073310244579561,,,,5.309000765601398,,0.045829965213144
Location 157 - MiraCosta College,157,498,41,,,8.073310244579561,,,,5.309000765601398,,0.045829965213144
Location 157 - MiraCosta College (DB),157,697,42,,,8.073310244579561,,,,5.309000765601398,,0.045829965213144
Location 157 - Tabernáculo de Restauración (TDR) Church,157,513,43,,,10.165871726994892,,,,5.346008836783271,,0.040593908371220
Location 157 - Gleaning Field Foundation. The,157,426,44,,,10.400231020794074,,,,6.685865459970659,,0.054057095256966
Location 157 - Chavez Middle School,157,818,45,,,11.369662954571524,,,,7.292670403274061,,0.055509477566399
Location 157 - El Camino High School (Oceanside Unified),157,806,46,,,10.890516215979449,,,,7.524416055808805,,0.062793416916944
"Location 157 - San Luis Rey Homes, Inc.",157,561,47,,,12.595846220171044,,,,7.552844492739892,,0.061909552104525
Location 157 - P1219 - Gleaning Field Foundation,157,152,48,,,10.466404577976114,,,,7.682568266186044,,0.058820896681243
Location 157 - Mission San Luis Rey Parish (Neighborhood Distribution),157,369,49,,,12.146168433223945,,,,7.812900258871849,,0.066461544206797
Location 157 - Mission San Luis Rey Parish (Super Pantry),157,523,50,,,12.146168433223945,,,,7.812900258871849,,0.066461544206797
Location 157 - Mission San Luis Rey Parish (DB),157,709,51,,,12.146168433223945,,,,7.812900258871849,,0.066461544206797
Location 157 - North County Sober Living,157,453,52,,,11.753837370937214,,,,7.957445608269200,,0.058968143736018
Location 157 - New Song Community Church,157,485,53,,,12.778290018707120,,,,8.148049913319637,,0.068032623538303
Location 157 - P2246 - PP: Carlsbad,157,57,54,,,14.380476590311050,,,,8.202875555332509,,0.071836515061107
"Location 157 - Green Oak Ranch Ministries, Inc.",157,582,55,,,11.339790193312677,,,,8.300581565488725,,0.057893878754206
Location 157 - Palomar Korean Church,157,403,56,,,15.220328871154232,,,,8.327135017814218,,0.071876736446439
Location 157 - First Presbyterian Church,157,482,57,,,11.364338966945898,,,,8.410580278458184,,0.069798858246295
Location 157 - P2135 - SP: Joli-Ann Leichtag Elementary,157,148,58,,,16.175049244435563,,,,8.803622359285331,,0.068465264200853
Location 157 - Joli Ann Leightag Elementary (San Marcos Unified),157,305,59,,,16.175049244435563,,,,8.803622359285331,,0.068465264200853
Location 157 - Libby Elementary (Oceanside Unified),157,292,60,,,14.126204734812973,,,,9.079608613540339,,0.065774182006952
Location 157 - Foussat Elementary,157,284,61,,,18.188030705447659,,,,9.293891809945510,,0.077229562930827
"Location 157 - Movement, The (mass)",157,798,62,,,16.487498194034860,,,,9.508623120599580,,0.084796085515766
Location 157 - North County Food Bank,157,672,63,,,15.948595204329258,,,,9.529789056140398,,0.069249862354323
Location 157 - North County Food Bank Pantry (DB),157,694,64,,,15.948595204329258,,,,9.529789056140398,,0.069249862354323
Location 157 - SDFB North County Food Bank (Super Pantry; ZERO balances),157,805,65,,,15.948595204329258,,,,9.529789056140398,,0.069249862354323
Location 157 - Del Rio Elementary (Oceanside Unified),157,304,66,,,15.048139214598212,,,,9.687212908396470,,0.059964413275267
Location 157 - P1491 - MP: Oceanside,157,120,67,,,15.077966237113813,,,,9.723214362602780,,0.059720368303010
Location 157 - Helping Hand Worldwide,157,597,68,,,15.077966237113813,,,,9.723214362602780,,0.059720368303010
Location 157 - Helping Hand Worldwide (DB),157,730,69,,,15.077966237113813,,,,9.723214362602780,,0.059720368303010
Location 157 - Tri City Food Pantry (mass),157,771,70,,,13.531724250946279,,,,9.767668206721428,,0.084496851848689
Location 157 - Tender Loving Mercy,157,488,71,,,13.417716212719418,,,,9.836966514391595,,0.097860572017961
Location 157 - North County Community Services (aka Growing Minds),157,454,72,,,12.726594505570553,,,,9.885453465457102,,0.085658819623813
Location 157 - Pilgrim United Church of Christ (mass),157,794,73,,,20.476249706477489,,,,10.104583830440156,,0.079220645773245
Location 157 - Greater Ebenezer COGIC Church,157,481,74,,,14.410508136793760,,,,10.217880050240444,,0.099180587492169
Location 157 - Mission Cove Senior Apartments,157,659,75,,,15.274100802438161,,,,10.223788545817753,,0.086448184518906
Location 157 - Palomar Community College District,157,501,76,,,17.917386774032085,,,,10.410243656854234,,0.094327929694200
Location 157 - Palomar Community College District (DB),157,699,77,,,17.917386774032085,,,,10.410243656854234,,0.094327929694200
Location 157 - P1637 - North County LGBTQ,157,124,78,,,15.220701757936959,,,,10.431517496729690,,0.088855994849628
Location 157 - Nourish North County,157,508,79,,,15.273493745931178,,,,10.478230343957016,,0.061189135535223
"Location 157 - Teri, Inc.",157,505,80,,,15.320971761066570,,,,10.493977558481136,,0.090171193464830
"Location 157 - TERI, Incorporated (DB)",157,700,81,,,15.320971761066570,,,,10.493977558481136,,0.090171193464830
Location 157 - P1028 - Brother Benno Foundation,157,122,82,,,17.001406374977233,,,,10.555128194815497,,0.089869151798438
Location 157 - Brother Benno Foundation (DB),157,734,83,,,17.001406374977233,,,,10.555128194815497,,0.089869151798438
Location 157 - Brother Benno Foundation (e-site) (mil/vet 15% Super Pantry),157,803,84,,,17.001406374977233,,,,10.555128194815497,,0.089869151798438
Location 157 - P2121 - Convicted4Christ Ministries,157,121,85,,,17.754028633253434,,,,10.711105796493424,,0.073036597246989
"Location 157 - Loving the Elderly, Inc.",157,517,86,,,17.992881460380584,,,,10.714585376892394,,0.073307904041538
Location 157 - P2252 - SP: Pablo Tac School of the Arts,157,125,87,,,16.627432938286098,,,,10.773202674835440,,0.103524266752417
Location 157 - Wounded Warrior Homes (mil/vet),157,532,88,,,12.844886110843532,,,,10.899484223900412,,0.095831781269057
Location 157 - Catholic Charities La Posada,157,378,89,,,15.509791324683107,,,,10.955967785513845,,0.065750847573241
Location 157 - Catholic Charities La Posada,157,819,90,,,15.509791324683107,,,,10.955967785513845,,0.065750847573241
Location 157 - Leah's Pantry,157,448,91,,,19.155301855753002,,,,10.992226411064930,,0.096350533415270
Location 157 - P1496 - MiraCosta Foundation CLC (MEM),157,123,92,,,15.267440941877327,,,,11.080748004201432,,0.106054460224178
Location 157 - P1565 - Interfaith Community Services - Carlsbad,157,59,93,,,15.457174191069850,,,,11.096428140766680,,0.067378084573180
Location 157 - Oceanside Seniors Center,157,605,94,,,15.791590485467630,,,,11.106384005194791,,0.105884538119222
Location 157 - Grandon Village Apartments,157,626,95,,,15.507683114964529,,,,11.132031389396504,,0.088929135281326
Location 157 - Meals-on-Wheels of San Diego County (North Coastal) (e-site),157,804,96,,,14.451068503866818,,,,11.208468876706419,,0.099418611043525
Location 157 - Boys & Girls Club of Oceanside,157,522,97,,,16.052054022030646,,,,11.218215242407700,,0.106080966493943
Location 157 - P2064 - Equation Collaborative,157,60,98,,,15.751065591120060,,,,11.272158693678788,,0.065910801986006
"Location 157 - Lived Experiences, Inc.",157,540,99,,,17.659470959365237,,,,11.423253669108210,,0.102711337488931
Location 157 - Carlsbad-Holiday Park,157,602,100,,,22.953938977799972,,,,11.510097339339996,,0.090913427453924
Location 157 - First Step House of North County,157,511,101,,,26.333718887708230,,,,11.542952361393901,,0.090509516184456
Location 157 - Summit Church (Super Pantry),157,480,102,,,19.949421441613751,,,,11.544156435383709,,0.101770812472069
Location 157 - Summit Church (DB),157,691,103,,,19.949421441613751,,,,11.544156435383709,,0.101770812472069
Location 157 - Club Crown Heights (North County Lifeline),157,559,104,,,16.910953953574214,,,,11.615867826470510,,0.108859744916833
Location 157 - Grace Full Gospel Ministries,157,493,105,,,18.872824167154274,,,,11.705519070126613,,0.105513932326585
Location 157 - CRF Step Forward North Coastal,157,512,106,,,18.938581424274151,,,,11.803996677277222,,0.107739796089492
Location 157 - Tavarua Senior Apartments,157,662,107,,,23.513015976937194,,,,11.840425899320632,,0.093920658287638
Location 157 - CRF Casa Pacifica,157,479,108,,,19.013908793405363,,,,11.848527782623105,,0.108151491874729
Location 157 - Shiloh Church of God in Christ,157,434,109,,,17.086248506874075,,,,11.885879216887012,,0.112292946816718
Location 157 - CRF Turning Point,157,489,110,,,19.304662767176811,,,,11.962663401061663,,0.108341882972030
Location 157 - P1068 - Lifeline Community Services,157,112,111,,,17.864884460163378,,,,12.001238743105576,,0.113062425296165
Location 157 - P2162 - PP: Crown Heights,157,114,112,,,17.864884460163378,,,,12.001238743105576,,0.113062425296165
Location 157 - Rock Church San Marcos,157,528,113,,,19.680273174715744,,,,12.010966550894814,,0.093726810784568
Location 157 - Rock Church San Marcos (DB),157,714,114,,,19.680273174715744,,,,12.010966550894814,,0.093726810784568
Location 157 - Laurel Elementary (Oceanside Unified),157,264,116,,,18.613631016795548,,,,12.171858976181120,,0.114826198824048
Location 157 - Love on Your Back,157,526,119,,,18.400385927648056,,,,12.470576436888221,,0.088779923179165
Location 157 - P1467 - Oceanside Sanctuary,157,113,121,,,19.840020665091764,,,,12.592304323340922,,0.118220053300263
Location 157 - MAAC Project Laurel Tree Apartments (mass),157,793,126,,,37.409776813236839,,,,14.047449511231026,,0.093497774181330
Location 157 - P2183 - Community Housingworks- La Costa Paloma,157,58,132,,,20.825421696181593,,,,14.478900527834782,,0.100685218659738
Location 157 - La Costa Paloma Apartments,157,665,133,,,20.825421696181593,,,,14.478900527834782,,0.100685218659738
Location 157 - Armed Services YMCA Camp Pendleton,157,587,137,,,25.816453988321648,,,,15.964153938841729,,0.121317803429343
Location 157 - Christ Presbyterian Church,157,598,138,,,22.743124057367787,,,,16.647788664969056,,0.125491717134213
Location 157 - Jewish Family Service at Camp Pend(mobile pantry)(mil)(mass),157,772,139,,,35.546495550081936,,,,16.882476874434147,,0.128661071507703
Location 157 - P2288 - PP: Camp Pendleton,157,115,147,,,49.018767401532166,,,,20.544258563834255,,0.130503927083189
Location 157 - P1101 - St. Andrews Episcopal Church,157,79,163,,,31.934120414162905,,,,22.125091838219685,,0.164622016857940
Location 157 - St. Andrew's Episcopal Church,157,347,164,,,31.934120414162905,,,,22.125091838219685,,0.164622016857940
Location 157 - St. Andrew's Episcopal Church,157,422,165,,,31.934120414162905,,,,22.125091838219685,,0.164622016857940
Location 157 - St. Andrew's Episcopal Church,157,651,166,,,31.934120414162905,,,,22.125091838219685,,0.164622016857940
Location 157 - St. Andrew's Episcopal Church (DB),157,680,167,,,31.934120414162905,,,,22.125091838219685,,0.164622016857940
Location 157 - P2091 - Venture Church (#LoveThe760),157,80,178,,,34.605383789750221,,,,23.218477754236176,,0.169197972454787
Location 157 - P1091 - Community Resource Center (CRC),157,78,185,,,52.244410378308103,,,,24.024948350802120,,0.164535043480727
Location 157 - Community Resource Center (e-site),157,792,186,,,52.244410378308103,,,,24.024948350802120,,0.164535043480727
Location 215 - P1277 - SP: Porter Elementary,215,215,1,,,0.000000000000000,,,,0.000000000000000,,0.000000000000000
Location 215 - P2221 - SP: Lincoln High School,215,221,2,,,1.576669015316139,,,,0.542945939500281,,0.003776626603040
Location 215 - Lincoln High School,215,816,3,,,1.576669015316139,,,,0.542945939500281,,0.003776626603040
Location 215 - San Diego Continuing Education,215,566,4,,,1.476600882694378,,,,0.799906694282724,,0.007968303354234
Location 215 - P2210 - SP: Knox Middle School,215,220,5,,,2.375548818979992,,,,1.068814924899463,,0.007288733274757
Location 215 - P1114 - City of Hope International,215,214,6,,,2.685313866118223,,,,1.109190777844751,,0.007339173794834
Location 215 - City of Hope International Church,215,590,7,,,2.685313866118223,,,,1.109190777844751,,0.007339173794834
Location 215 - Chollas Meade Elementary (SDUSD-1 Traditional),215,297,8,,,3.251175048496886,,,,1.492445283795421,,0.010959871186443
Location 215 - Food Pantry at Chollas View Church (DB),215,674,9,,,3.205523028507727,,,,1.574789990114609,,0.014167326121014
Location 215 - Food Pantry at Chollas View Church (e-site),215,790,10,,,3.205523028507727,,,,1.574789990114609,,0.014167326121014
Location 215 - America's Finest Charter School (SDUSD Charter School),215,315,11,,,3.194976576143481,,,,1.709472881905861,,0.012898425352351
Location 215 - P1453 - Good Shepherd Community Projects,215,217,12,,,3.385908441865628,,,,1.766463665186450,,0.016833226476097
Location 215 - El Toyon,215,339,13,,,4.251581845893767,,,,1.817890491230826,,0.013421972972021
"Location 215 - Home Start, Inc. (DB)",215,711,14,,,5.267461058054391,,,,1.860776747988162,,0.011563489635738
Location 215 - 38th Street Church of Christ,215,462,15,,,3.637528429832158,,,,1.943506388231498,,0.018769441141849
Location 215 - Rancho De La Nacion,215,271,16,,,4.415846305958189,,,,1.972542089032379,,0.013387469863591
Location 215 - Ethridge Recovery Center Incorporated,215,435,17,,,3.937841078556165,,,,1.973168229886863,,0.014868552308433
Location 215 - Horton Elementary,215,276,18,,,3.917255838578558,,,,1.976855579870065,,0.013349413358564
Location 215 - Mountain View Community Center,215,633,19,,,4.176639095008338,,,,1.985525650859265,,0.012744554827527
Location 215 - P2184 - Community Housingworks- Los Robles,215,219,20,,,6.160689162121286,,,,2.222025026871586,,0.015469160815226
Location 215 - Dreams for Change,215,492,21,,,4.496033667132162,,,,2.225525970133489,,0.020272969116384
Location 215 - St. Stephen's Cathedral COGIC,215,604,22,,,4.529065235769387,,,,2.256535479160160,,0.020597386205485
Location 215 - Raven Street Church of Christ,215,525,23,,,3.922902141633644,,,,2.277156325114177,,0.018391039002640
Location 215 - Church of the Loving God,215,442,24,,,6.299313830387938,,,,2.280972383505974,,0.015771424565962
Location 215 - San Diego Spanish Seventh-Day Adventist Church,215,580,25,,,6.819923371544253,,,,2.526797454791559,,0.017219353586818
Location 215 - St. Stephen's Cathedral COGIC,215,349,26,,,5.052831003334995,,,,2.558175629040779,,0.023732650631234
Location 215 - Apostolic Assembly First Church San Diego (mass),215,787,27,,,5.218146785411544,,,,2.604673286009271,,0.025028473961850
Location 215 - Valencia Park,215,275,28,,,5.699976520682804,,,,2.725579619494038,,0.022319166602705
Location 215 - P1512 - Greater Life Baptist Church,215,38,29,,,7.056602414239450,,,,2.774010477729731,,0.021435906317142
Location 215 - San Diego Black Panther Party for Community Empowerment,215,516,30,,,6.152711770462871,,,,2.790134549579456,,0.025544439691467
Location 215 - Balboa Elementary (SDUSD-2 Traditional),215,290,31,,,6.743269389572112,,,,2.825270326291681,,0.020195568175021
Location 215 - Webster Elementary,215,283,32,,,5.796868099435409,,,,2.889923573956235,,0.023146692561261
Location 215 - Encanto Southern Baptist Church (mass),215,785,33,,,5.748041874684128,,,,2.943392544475902,,0.027437823709497
Location 215 - Plaza City Apartments,215,641,34,,,6.916888721231309,,,,2.956734705173524,,0.024353250633574
Location 215 - P2036 - San Diego Maranatha SDA Church,215,229,35,,,6.673543884597239,,,,3.115759646357542,,0.026474119301602
Location 215 - Granger Apartments,215,619,36,,,9.661436796323686,,,,3.119184338490444,,0.022690463998351
Location 215 - Friendships for Hope,215,425,37,,,10.000009537665859,,,,3.228197412952783,,0.022060861310936
Location 215 - Friendships for Hope (DB),215,681,38,,,10.000009537665859,,,,3.228197412952783,,0.022060861310936
Location 215 - P1064 - Friendships for Hope,215,43,39,,,11.317674116354123,,,,3.228900645771288,,0.021962325827446
Location 215 - Logan Temple A.M.E Zion Church,215,520,40,,,7.066387275626395,,,,3.276373331601702,,0.031690656232178
Location 215 - Logan Temple A.M.E Zion Church (DB),215,708,41,,,7.066387275626395,,,,3.276373331601702,,0.031690656232178
Location 215 - Summercrest Apartments,215,630,42,,,10.867418979891932,,,,3.311244937571728,,0.025376342643686
Location 215 - P1306 - 31st St. SDA Church,215,216,43,,,6.916088709516790,,,,3.346390129264539,,0.033766211149562
Location 215 - 31st Street Seventh Day Adventist Church,215,439,44,,,6.916088709516790,,,,3.346390129264539,,0.033766211149562
Location 215 - Bayview Baptist Church,215,503,45,,,7.549492394512370,,,,3.437882260951466,,0.028003342322775
Location 215 - P1556 - BP: Johnson Elementary School,215,228,46,,,8.279283615118414,,,,3.461357553123197,,0.026219639706772
Location 215 - Church of Christ 61st Street,215,379,47,,,9.395744928556331,,,,3.554990081614034,,0.027124969236017
Location 215 - Operation Promise,215,463,50,,,6.647169831435740,,,,3.569813724450943,,0.025690955167628
Location 215 - Horizons Adult Day Health Care Center,215,609,51,,,9.728066576516127,,,,3.570164873087644,,0.026897550467469
Location 215 - Revival Pentecostal Tabernacle,215,389,52,,,9.658001879134467,,,,3.592839929052541,,0.026031186295520
Location 215 - Gospel Tidings of National City,215,475,53,,,9.688785778002007,,,,3.597533047316251,,0.026502934694200
Location 215 - P2108 - SP: STARPAL Memorial Senior Center,215,218,54,,,7.510500722682615,,,,3.645432963877085,,0.037970592841166
Location 215 - P2029 - Logan Heights CDC,215,180,55,,,6.979389584141279,,,,3.793805879210352,,0.035399612141072
Location 215 - Hand in Hand Mission Outreach,215,584,56,,,7.180001388597009,,,,3.804890485269154,,0.036740660130440
Location 215 - St. Paul United Methodist Church of San Diego (DB),215,731,57,,,7.194974881082067,,,,3.805123584356660,,0.034495496553183
Location 215 - St. Paul United Methodist Church of San Diego (e-site),215,783,58,,,7.194974881082067,,,,3.805123584356660,,0.034495496553183
Location 215 - P1474 - Fourth District Senior Resource Center FDSRC (MEM),215,227,59,,,7.765785273827821,,,,3.902745091213340,,0.036707219027622
Location 215 - Morgan Kimball Towers,215,669,60,,,10.164995561289029,,,,3.993149477526476,,0.029165533310264
Location 215 - P2070 - I Am My Brother's Keeper,215,230,61,,,7.476808714690582,,,,4.014531791954542,,0.038950926809274
Location 215 - I Am My Brother's Keeper CDC,215,544,62,,,7.476808714690582,,,,4.014531791954542,,0.038950926809274
Location 215 - St. Vincent De Paul / Father Joe's Villages (e-site),215,751,63,,,7.754509624241189,,,,4.026838607449116,,0.031032701365940
Location 215 - Palmer Way,215,269,65,,,12.099979696887521,,,,4.080239470722379,,0.028324279697574
Location 215 - P1156 - Bayview Baptist Church,215,225,66,,,9.732002488405385,,,,4.101628930537699,,0.028993656232934
Location 215 - Mama's Kitchen,215,382,67,,,5.012517373995169,,,,4.159924238493834,,0.025563565538480
Location 215 - New Hope Friendship Baptist,215,409,69,,,8.722194237162768,,,,4.164277509901375,,0.042396402767184
Location 215 - CRF Jary Baretto Crisis Center,215,383,70,,,8.904178720734853,,,,4.170718662992988,,0.038962053290095
Location 215 - John Otis Elementary,215,279,71,,,9.661201823440317,,,,4.228242973407024,,0.031964840713326
Location 215 - Workshops for Warriors (mil/vet),215,534,72,,,8.818653655522422,,,,4.229988849725617,,0.037322135803220
Location 215 - Logan Memorial Educational Campus- High School,215,815,73,,,8.813727557121407,,,,4.247421418649516,,0.040343576120186
Location 215 - Encanto Elementary,215,333,74,,,8.322711506081101,,,,4.275407011523436,,0.038118820686564
Location 215 - House of Metamorphosis,215,400,75,,,7.710765553680877,,,,4.296405504749893,,0.038592018374256
Location 215 - P1065 - New Hope SDA,215,188,76,,,8.619772205055968,,,,4.315624939048245,,0.032257396483560
Location 215 - New Hope Seventh Day Adventist Church (mass),215,778,77,,,8.619772205055968,,,,4.315624939048245,,0.032257396483560
Location 215 - Stepping Higher Incorporated (e-site) (Super Pantry),215,789,78,,,8.066876124422754,,,,4.349533716895337,,0.040699915204945
Location 215 - P1544 - San Diego Black Panther Party,215,179,79,,,9.609523238556561,,,,4.386354548003658,,0.041211092555772
Location 215 - National City Public Library,215,666,80,,,11.312742888774260,,,,4.420826998353411,,0.032293234705796
Location 215 - Kimbrough Elementary (SDUSD-2 Year Round),215,262,81,,,8.536605460481182,,,,4.453202662814035,,0.039980455957020
Location 215 - King Chavez Academy of Excellence (SDUSD Charter School,215,301,82,,,9.541379141029200,,,,4.459065748642104,,0.042495556756099
Location 215 - Lincoln Acres Elementary,215,273,83,,,13.284350485566556,,,,4.473107013014589,,0.034785201879291
Location 215 - P1177 - Southport Christian Center,215,44,84,,,14.262633589331454,,,,4.520043722084692,,0.032950464326302
Location 215 - Southport Christian Center,215,421,85,,,14.262633589331454,,,,4.520043722084692,,0.032950464326302
Location 215 - Friends of Downtown,215,437,86,,,12.905084110793007,,,,4.526344184552050,,0.036635526163089
Location 215 - Las Palmas Park,215,673,87,,,10.016174297675489,,,,4.544354884451583,,0.034267340936341
Location 215 - P1503 - Masjidul Taqwa,215,178,88,,,10.509478431271305,,,,4.677464473236160,,0.045247969071969
Location 215 - Masjidul Taqwa (DB),215,720,89,,,10.509478431271305,,,,4.677464473236160,,0.045247969071969
Location 215 - Oak Park Music Conservatory (SDUSD-2),215,317,90,,,8.624573332837068,,,,4.705139369323712,,0.034726667135381
"Location 215 - Grandma Blue's House, Inc.",215,592,91,,,8.809470980294794,,,,4.796388538939973,,0.047079593110872
Location 215 - Fearless San Diego DBA Fearless International,215,595,92,,,10.549280696777529,,,,4.803122615928635,,0.047718655193223
Location 215 - P2357 - Veterans of Foreign Wars Post #7240,215,224,94,,,10.659638502892156,,,,4.865251322183466,,0.047252254064045
Location 215 - Morse High School (SDUSD),215,812,95,,,9.100686908337551,,,,4.873521894396280,,0.044978242730728
Location 215 - Noah's Temple - Free COGIC,215,594,96,,,8.483571152270205,,,,4.883361118991894,,0.043521246931627
Location 215 - Community Food Bank of National City (mass),215,735,97,,,10.854074123422212,,,,4.897836451274152,,0.038279713021188
Location 215 - Olivewood Elementary,215,338,98,,,11.673710040623913,,,,4.994022151703865,,0.038073549446086
Location 215 - SBCS - National City Family Resource Center (e-site),215,742,101,,,11.685070368595213,,,,5.076923553696838,,0.036478226486638
Location 215 - San Diego Armed Services YMCA at Bayview Recreation (mil/vet,215,359,103,,,13.383175583129361,,,,5.143191764762321,,0.034860699467311
Location 215 - P2344 - Community Resource Center- Sisters of Mercy,215,223,104,,,11.351033469402736,,,,5.182723550252611,,0.050932162208421
Location 215 - P2276 - SP: Our Lady's School,215,222,105,,,11.358836930630428,,,,5.184934630063124,,0.051041374840927
Location 215 - P1228 - Trinity Lutheran Church,215,226,106,,,9.273106919301629,,,,5.195629768039637,,0.051236755061738
Location 215 - P2115 - Ministry of Jerusalem Inc.,215,46,107,,,15.730681397954424,,,,5.230160526344651,,0.039199650118573
Location 215 - Ministry of Jerusalem,215,563,108,,,15.730681397954424,,,,5.230160526344651,,0.039199650118573
Location 215 - New Day Urban Ministries,215,387,110,,,9.391764450848491,,,,5.273475942724449,,0.048651907319359
Location 215 - New Day Urban Ministries (DB),215,675,111,,,9.391764450848491,,,,5.273475942724449,,0.048651907319359
Location 215 - MAAC Project Mercado Apartments (mass),215,775,112,,,11.471024558084839,,,,5.286727041148365,,0.050594443407320
Location 215 - Sherman Elementary (SDUSD-2 Traditional),215,289,113,,,11.575349725860494,,,,5.309577491269652,,0.050792190833892
Location 215 - P1387 - SP: Perry Elementary,215,256,114,,,13.574533731141766,,,,5.311955718199057,,0.038183979554308
Location 215 - San Altos Elementary School (Lemon Grove),215,270,116,,,9.820439313089773,,,,5.364751074705731,,0.049198083950299
Location 215 - P1006 - San Diego Rescue Mission Warehouse,215,42,117,,,16.149848267451297,,,,5.404367035371834,,0.040168980269635
Location 215 - San Diego Rescue Mission,215,393,118,,,16.149848267451297,,,,5.404367035371834,,0.040168980269635
Location 215 - San Diego Rescue Mission,215,821,119,,,16.169786941982622,,,,5.412010193942176,,0.040198735138217
Location 215 - Paradise Creek,215,657,120,,,16.882005867994184,,,,5.420317039041349,,0.039020112761462
Location 215 - P2155 - Sherman Heights Community Center (MEM),215,181,121,,,12.223421593883412,,,,5.488770652837850,,0.050737157347525
Location 215 - Sherman Heights Community Ctr,215,618,122,,,12.223421593883412,,,,5.488770652837850,,0.050737157347525
Location 215 - Sherman Heights Community Center (mass),215,776,123,,,12.223421593883412,,,,5.488770652837850,,0.050737157347525
Location 215 - San Diego Broadway Spanish Seventh Day Adventist (mass),215,779,125,,,10.700972333787782,,,,5.679830312057115,,0.050735650306674
Location 215 - St. Vincent de Paul / St. Teresa of Calcutta,215,575,126,,,12.141457262353146,,,,5.725048067543330,,0.058334355089948
Location 215 - Perkins Elemantary (SDUSD-1),215,337,128,,,13.257974336891426,,,,5.799167133577376,,0.055090776435222
Location 215 - SDYS Tay Academy,215,445,129,,,11.048234533179381,,,,5.829635223883882,,0.052296526524884
Location 215 - WeLuvSanDiego (DB),215,729,130,,,14.006800793817723,,,,5.832255118858811,,0.044980933603180
Location 215 - P1090 - Turning Point Home,215,176,131,,,12.857131217130394,,,,5.850811955747827,,0.049950183907637
Location 215 - Aguilas Del Poderoso Dios,215,573,135,,,14.051497451942925,,,,5.883447713788385,,0.043115516207892
Location 215 - Living Water Church of the Nazarene,215,558,138,,,10.844423752514469,,,,6.092885425023724,,0.057226264919156
Location 215 - Potiker Senior Residence Downtown,215,640,146,,,17.383141815348946,,,,6.301921385892265,,0.058992275054039
Location 215 - P1457 - Alpha Project,215,170,148,,,17.504875292170865,,,,6.330325609538487,,0.059171132683766
Location 215 - P2243 - Christian Church of Lemon Grove,215,40,176,,,10.877767905276233,,,,6.778851150115432,,0.057204202028164
Location 215 - Christian Church of Lemon Grove,215,569,177,,,10.877767905276233,,,,6.778851150115432,,0.057204202028164
Location 215 - Casa De Oro,215,280,178,,,12.563520159204838,,,,6.803851214808497,,0.064340455334719
Location 215 - Audobon Charter School,215,281,179,,,12.563520159204838,,,,6.803851214808497,,0.064340455334719
Location 215 - Ministerio Tiempo Nuevo (DB),215,707,180,,,11.634626974300598,,,,6.813307297442181,,0.061786163959633
Location 215 - CRF New Vistas,215,384,184,,,13.831170153709712,,,,6.925599260760156,,0.063132534417265
Location 215 - San Miguel Elementary (Lemon Grove),215,296,188,,,11.167821402850024,,,,6.991846507849798,,0.058995348222448
Location 215 - San Diego Square,215,654,193,,,14.755042342963261,,,,7.048405925404602,,0.064557928680656
"Location 215 - Project Access, Incorporated",215,465,194,,,11.900336772056397,,,,7.051737224817214,,0.065020307466125
Location 215 - Salvation Army Downtown,215,606,195,,,14.529153280944094,,,,7.072279212728521,,0.065496419150062
Location 215 - Bell Middle School (SDUSD),215,808,196,,,12.238321697321794,,,,7.098819716625633,,0.057543968689965
Location 215 - P1552 - San Diego City College (MEM),215,173,197,,,14.378618035843132,,,,7.136787560635906,,0.062759928892685
Location 215 - San Diego City College (mobile pantry),215,351,198,,,14.378618035843132,,,,7.136787560635906,,0.062759928892685
Location 215 - San Diego City College,215,446,199,,,14.378618035843132,,,,7.136787560635906,,0.062759928892685
Location 215 - San Diego City College (DB),215,686,200,,,14.378618035843132,,,,7.136787560635906,,0.062759928892685
Location 215 - P1508 - Salvation Army Centre City,215,171,201,,,14.683185296787453,,,,7.144028621267697,,0.065876859101168
Location 215 - Salvation Army Centre City. The (mass),215,749,202,,,14.683185296787453,,,,7.144028621267697,,0.065876859101168
Location 215 - P2152 - North Park Apostolic Church,215,39,209,,,11.578134715024355,,,,7.440302772528975,,0.068486191166781
Location 215 - North Park Apostolic Church,215,372,210,,,11.578134715024355,,,,7.440302772528975,,0.068486191166781
Location 215 - North Park Apostolic Church (Super Pantry),215,467,211,,,11.578134715024355,,,,7.440302772528975,,0.068486191166781
Location 215 - P2116 - Project Access Meadowbrook,215,257,214,,,18.206927224699907,,,,7.513002176924600,,0.066366060433014
Location 215 - Fuente de Vida,215,432,216,,,12.831363081713491,,,,7.601810171240198,,0.070431318381717
Location 215 - P1036 - Samoa/Lutheran Feeding Ministry,215,36,218,,,13.069206907188459,,,,7.778019869934735,,0.072012255429239
Location 215 - Samoa Independent Full Gospel,215,341,219,,,13.069206907188459,,,,7.778019869934735,,0.072012255429239
Location 215 - Samoa Independent Full Gospel (mass),215,777,220,,,13.069206907188459,,,,7.778019869934735,,0.072012255429239
Location 215 - P1634 - Urban Street Angels,215,175,221,,,16.959449108151098,,,,7.831965335845848,,0.069256088620690
"Location 215 - Urban Street Angels, Inc.",215,530,222,,,16.959449108151098,,,,7.831965335845848,,0.069256088620690
Location 215 - P1525 - People Assisting the Homeless (PATH),215,172,224,,,17.934291567390815,,,,7.846263638957208,,0.067942208199242
Location 215 - PATH,215,472,225,,,17.934291567390815,,,,7.846263638957208,,0.067942208199242
Location 215 - P1009 - Third Avenue Charitable Organization (TACO),215,168,231,,,18.800959760218337,,,,8.020718274593715,,0.071065809679922
Location 215 - P2340 - Us 4 Warriors (MEM),215,41,233,,,12.636133214824650,,,,8.035181338460069,,0.072878769822609
"Location 215 - Club Libertad, Justicia y Ley (mass)",215,791,236,,,12.765317745245216,,,,8.069119642013318,,0.073438565792866
Location 215 - P1587 - Alpha Project- Luther Tower (MEM),215,174,240,,,19.547373670386325,,,,8.139086528187683,,0.071892483362721
Location 215 - Thrive Lemon Grove,215,543,243,,,13.459475620836187,,,,8.334815994792052,,0.074895076622752
Location 215 - Baby Ruth's Safe Haven,215,551,245,,,14.340017848323944,,,,8.402484135078524,,0.076215360783457
Location 215 - P1202 - San Diego Filipino Am. SDA Church,215,11,246,,,8.466735867313362,,,,8.426896856060322,,0.065986398968617
Location 215 - Mount Miguel High School,215,570,250,,,14.769703570610833,,,,8.610614335655384,,0.081655076717253
Location 215 - P1295 - Paradise Valley SDA,215,50,254,,,15.658801870172795,,,,8.724236320899792,,0.084882104177190
Location 215 - Paradise Valley Seventh Day Adventist,215,430,255,,,15.658801870172795,,,,8.724236320899792,,0.084882104177190
Location 215 - Heaven's Windows (e-site),215,758,279,,,15.466932971597171,,,,9.786414045949035,,0.090994930537304
Location 215 - P1404 - SP: Kempton Street Academy,215,51,284,,,18.221594360115841,,,,10.020814643203348,,0.092296009007225
Location 215 - New Seasons Church,215,373,287,,,17.152762375689267,,,,10.176203853145697,,0.092197364356226
Location 215 - New Seasons Church,215,588,288,,,17.152762375689267,,,,10.176203853145697,,0.092197364356226
Location 215 - New Season's Church,215,620,289,,,17.152762375689267,,,,10.176203853145697,,0.092197364356226
Location 215 - P1017 - LJC Ministries Inc.,215,49,295,,,17.409945697326144,,,,10.568846791946047,,0.090734114354148
Location 215 - Grace Covenant Church,215,553,296,,,17.409945697326144,,,,10.568846791946047,,0.090734114354148
Location 215 - MAAC Project San Martin de Porres Apartments (mass),215,754,297,,,17.409945697326144,,,,10.568846791946047,,0.090734114354148
Location 365 - SDFB at Campo Education Center (ZERO balances),365,365,1,,,0.000000000000000,,,,0.000000000000000,,0.000000000000000
Location 365 - Back Country Support,365,615,2,,,6.936180699802233,,,,8.457911370076488,,0.078386693557308
Location 365 - SDFB Mt. Empire (mass) (ZERO balances),365,799,3,,,6.936180699802233,,,,8.457911370076488,,0.078386693557308
Location 365 - P1363 - MP: Boulevard,365,3,4,,,7.201126918535941,,,,8.840484913336182,,0.082326067408501
Location 365 - SDFB at Manzanita MAC (ZERO balances),365,366,5,,,15.859281288205310,,,,12.971229407750286,,0.097966408011357
Location 365 - P1302 - San Ysidro Health - Campo (MEM),365,5,6,,,11.674408657058073,,,,13.816645542627301,,0.111850708311210
Location 365 - P1364 - MP: Campo,365,6,7,,,11.674408657058073,,,,13.816645542627301,,0.111850708311210
Location 365 - P2158 - PP: Campo,365,7,8,,,11.674408657058073,,,,13.816645542627301,,0.111850708311210
Location 365 - SDFB at La Posta Casino (ZERO balances),365,367,9,,,28.504277024843628,,,,15.010838149001099,,0.104874370448937
"Location 365 - P1027 - San Diego Freedom Ranch, Inc.",365,4,10,,,12.009693066906536,,,,15.061550621831294,,0.121831134037253
Location 365 - P1541 - MP: Jacumba,365,29,11,,,16.008978368708171,,,,21.221109869638784,,0.180927936705395
Location 365 - P2151 - PP: Jacumba,365,30,12,,,16.008978368708171,,,,21.221109869638784,,0.180927936705395
Location 365 - Potrero Elementary (Mountain Empire),365,298,13,,,24.571741937126617,,,,29.575125228842907,,0.250750273191220
Location 365 - P1538 - MP: Potrero,365,47,14,,,24.929103905646556,,,,29.992689278646203,,0.250385851068865
Location 365 - Potrero Community Center Foundation (Neighborhood Dis),365,362,15,,,24.929103905646556,,,,29.992689278646203,,0.250385851068865
Location 365 - Potrero Community Center Foundation (mass),365,800,16,,,24.929103905646556,,,,29.992689278646203,,0.250385851068865
Location 365 - P1366 - MP: Guatay,365,25,17,,,25.086493530328863,,,,36.947873897820116,,0.276455158297971
Location 365 - El Centro-Catholic Charities,365,611,385,,,62.015915588033067,,,,90.942611098324107,,0.829617609701074
Location 365 - Imperial Valley Food Bank,365,668,391,,,64.973269767210624,,,,91.273997055487570,,0.809198520402333
Location 365 - Calexico-Catholic Charities,365,612,506,,,64.133854931230843,,,,97.739190025329094,,0.877363559334842
Location 658 - P1050 - Church of the Nazarene (MEM),658,186,1,,,0.000000000000000,,,,0.000000000000000,,0.000000000000000
Location 658 - Mid-City Church of The Nazarene,658,658,2,,,0.000000000000000,,,,0.000000000000000,,0.000000000000000
"Location 658 - Church of Nazarene in Mid-City, The (mass)",658,781,3,,,0.000000000000000,,,,0.000000000000000,,0.000000000000000
Location 658 - P1262 - La Maestra Community Health Centers (MEM),658,190,4,,,2.079574171358746,,,,0.688599615268844,,0.006010519502144
Location 658 - La Maestra Community Health Centers (Super Pantry),658,405,5,,,2.079574171358746,,,,0.688599615268844,,0.006010519502144
"Location 658 - La Maestra Family Clinic, Incorporated (DB)",658,677,6,,,2.198913560491158,,,,0.697728544790557,,0.006889044991727
Location 658 - Potiker City Heights Sqaure Apartments,658,636,7,,,2.105328389685726,,,,0.735780076297376,,0.005100126587624
Location 658 - Cherokee Point Elementary (SDUSD-1 Year Round),658,277,8,,,1.760856407033031,,,,0.740180178759542,,0.005566904363108
Location 658 - P1038 - City Heights Assembly of God,658,185,9,,,1.702005914123563,,,,0.755948051451320,,0.006298768307157
Location 658 - Rock Church City Heights (DB),658,721,10,,,1.943331291479796,,,,0.841285354327046,,0.005162470499260
Location 658 - Rock Church City Heights,658,542,11,,,2.567140465360019,,,,0.858676178275087,,0.005001857605011
Location 658 - P2105 - Rock Church-City Heights,658,196,12,,,2.624084069549723,,,,0.867217429908394,,0.005179303810739
Location 658 - Central Elementary (San Diego Unified),658,335,13,,,2.812027127038760,,,,0.880826095024783,,0.006318001529200
Location 658 - P1059 - St. Marks Episcopal Church,658,187,14,,,3.197701286797651,,,,1.023769289307291,,0.007351152153963
Location 658 - St. Mark's Episcopal Church,658,447,15,,,3.197701286797651,,,,1.023769289307291,,0.007351152153963
Location 658 - P1600 - A Partnership for a Better San Diego,658,192,16,,,3.271996335249695,,,,1.056345059947423,,0.007414681934644
Location 658 - Labor's Training & Community Development Alliance,658,564,17,,,3.387202907550695,,,,1.102429594368523,,0.007778524411065
Location 658 - Joyner Elementary (SDUSD-2),658,326,18,,,2.744302673138283,,,,1.174533443554088,,0.008327496344370
Location 658 - P2346 - SP: Edison Elementary,658,183,19,,,2.906006829969171,,,,1.206306193762177,,0.011172118710943
Location 658 - Edison Elementary (SDUSD-2 Year Round),658,293,20,,,2.906006829969171,,,,1.206306193762177,,0.011172118710943
Location 658 - You Saved Me Foundation,658,550,21,,,3.864638866366499,,,,1.260008390727682,,0.008607927702674
Location 658 - You Saved Me Foundation (DB),658,726,22,,,3.864638866366499,,,,1.260008390727682,,0.008607927702674
Location 658 - P2335 - MP: Copley-Price YMCA,658,200,23,,,4.233304622194144,,,,1.274289417519260,,0.007517387934887
Location 658 - P2209 - SP: Rosa Parks Elementary,658,198,24,,,4.099241483095504,,,,1.298439052867054,,0.010108642272633
Location 658 - Good News Baptist,658,607,25,,,3.377770032004229,,,,1.387762615929100,,0.012652505581477
Location 658 - Good News Baptist Church (mass),658,774,26,,,3.377770032004229,,,,1.387762615929100,,0.012652505581477
Location 658 - P2281 - Iglesia Casa De Alabanza,658,199,27,,,4.494650054893873,,,,1.441246725764910,,0.006467442313487
Location 658 - Iglesia Casa de Alabanza,658,562,28,,,4.494650054893873,,,,1.441246725764910,,0.006467442313487
Location 658 - Iglesia Casa De Alabanza (DB),658,728,29,,,4.494650054893873,,,,1.441246725764910,,0.006467442313487
Location 658 - P1116 - Bridge of Hope,658,189,30,,,3.565261961997660,,,,1.490943601751150,,0.010174133199204
Location 658 - P2254 - SP: Hoover High School,658,235,31,,,4.665768407479518,,,,1.531737086298994,,0.010494058594322
Location 658 - Hoover High School (SDUSD),658,811,32,,,4.665768407479518,,,,1.531737086298994,,0.010494058594322
Location 658 - P1094 - Faith Tabernacle,658,238,33,,,4.523349173147994,,,,1.822420945528110,,0.013144501551857
Location 658 - Chicano Federation (DB),658,683,34,,,5.360418990227386,,,,1.838157614294700,,0.019113767672466
Location 658 - Somali Bantu Association of America (SBAOA) (Super Pantry),658,509,35,,,5.039590846825279,,,,1.854221865079331,,0.019579142122910
Location 658 - Herbert Ibarra Elementary (SDUSD-1 Year Round),658,263,36,,,5.819551163543654,,,,1.977312969228596,,0.017169564876350
Location 658 - Islamic Foundation of San Diego,658,401,37,,,5.684379188265812,,,,2.030225167259084,,0.019875384194287
Location 658 - Talmadge Gateway Apartments,658,514,38,,,5.445408863351826,,,,2.071062645134087,,0.016267319937667
Location 658 - P2080 - SP: Hamilton Elementary,658,195,39,,,4.187140971489260,,,,2.115995348202201,,0.015498468522588
Location 658 - P1424 - UCSD PB/Normal Heights (MEM),658,239,40,,,5.910362763117929,,,,2.224184085532836,,0.017268247803964
Location 658 - CMC Good Neighbor Center (Meade Site) (e-site),658,780,41,,,5.910362763117929,,,,2.224184085532836,,0.017268247803964
Location 658 - San Diego Hope for Humanity,658,459,42,,,7.842109151196283,,,,2.367412825022977,,0.023525504879902
Location 658 - P1625 - UPAC (Union of Pan Asian Communities),658,193,43,,,5.925420829542714,,,,2.420277272184257,,0.025249028254494
Location 658 - Union of Pan Asian Communities (UPAC),658,539,44,,,5.925420829542714,,,,2.420277272184257,,0.025249028254494
Location 658 - Union of Pan Asian Communities (DB),658,718,45,,,5.925420829542714,,,,2.420277272184257,,0.025249028254494
Location 658 - John Adams Elementary (SDUSD-1 Traditional),658,272,46,,,6.017727506562930,,,,2.421353376819650,,0.016569141274774
Location 658 - P1397 - SP: NHA Head Start,658,191,47,,,6.660574720410856,,,,2.429784125178723,,0.021414321195411
Location 658 - Uptown Faith Community Service (Super Pantry),658,397,48,,,8.053868809879482,,,,2.522318501488673,,0.023462925810166
Location 658 - St. Luke's North Park,658,406,49,,,8.053868809879482,,,,2.522318501488673,,0.023462925810166
Location 658 - North Park Lions Club,658,415,50,,,7.524692337269553,,,,2.527509295715467,,0.025703145959429
Location 658 - Karen Organization of San Diego,658,548,51,,,6.738572499001841,,,,2.713072864169773,,0.026508103538827
Location 658 - P2126 - IRC (International Rescue Committee) Soft Landing,658,197,52,,,6.752358612488548,,,,2.724345225312000,,0.026388738103708
Location 658 - Somali Family Service of San Diego,658,549,53,,,6.752358612488548,,,,2.724345225312000,,0.026388738103708
Location 658 - Somali Family Service of San Diego (DB),658,725,54,,,6.752358612488548,,,,2.724345225312000,,0.026388738103708
Location 658 - Colina del Sol Park Recreation Center,658,603,55,,,7.276117317577567,,,,2.807426004861593,,0.025923611444307
Location 658 - New Vision Christian Fellowship,658,441,56,,,7.277229598413747,,,,2.808171855910530,,0.025948231830009
Location 658 - Think Dignity (DB),658,704,57,,,8.588882177330865,,,,2.879235791675423,,0.024201981195711
Location 658 - P1031 - City Heights Comm. Dev.Corp.,658,184,58,,,5.453380246340904,,,,2.955249938221030,,0.022385796963251
Location 658 - City Heights CDC,658,380,59,,,5.453380246340904,,,,2.955249938221030,,0.022385796963251
Location 658 - Teen Challenge,658,420,60,,,7.234186226685013,,,,2.985844085759652,,0.028351117761965
Location 658 - P2008 - SP: STARPAL - Colina del Sol Park,658,194,61,,,7.700656103558010,,,,3.107740104845840,,0.027405149591501
Location 658 - Crawford High School,658,817,62,,,8.244046559092517,,,,3.223361852961944,,0.030183529684943
Location 658 - P2351 - BP: Mann Middle School,658,237,63,,,8.837513801032763,,,,3.328674223570123,,0.028318049698461
Location 658 - Alabama Manor,658,656,64,,,10.423791215013054,,,,3.526023594941852,,0.035431604281642
Location 658 - Somali Bantu Association of America (SBAOA) (DB),658,702,65,,,8.328878297294709,,,,3.712750376679168,,0.032371558552968
Location 658 - LGBT Community Center,658,624,66,,,10.810252249687991,,,,3.771686252198987,,0.039413411614697
Location 658 - Grace Church San Diego (mass),658,768,67,,,10.405636371123119,,,,3.819383429730997,,0.030703009342446
Location 658 - Partnership for a Better San Diego (Labor Council),658,374,68,,,4.612285369595684,,,,3.866559493890873,,0.029617783958603
Location 658 - Townspeople,658,574,69,,,9.809930148995837,,,,3.972204904327402,,0.036756143750991
Location 658 - LGBT Community Center,658,346,70,,,11.360016341536372,,,,4.030468965915305,,0.041132164761522
Location 658 - Calvary Evangelical Lutheran Church (e-site),658,786,71,,,10.232589538151471,,,,4.082915672095893,,0.029667574932964
Location 658 - International Relief Teams,658,443,73,,,4.950649713709452,,,,4.150350014771426,,0.030285774631456
Location 658 - P1180 - Abundant Grace Christian Center,658,231,74,,,8.975525409369812,,,,4.179748439229205,,0.036760851326091
Location 658 - P2218 - SP: Nativity Prep Academy,658,234,76,,,12.019764240665914,,,,4.560266727478163,,0.041321678935844
Location 658 - Community Plate Initiative,658,589,78,,,12.499855555888871,,,,4.613871167823977,,0.032787955060003
Location 658 - Pathfinders of San Diego,658,404,83,,,13.489714732232599,,,,5.107526482023234,,0.036000091674493
Location 658 - California Independent Provider Training Center (mass),658,770,87,,,12.146447136483889,,,,5.393306667321696,,0.050391096544850
Location 658 - Alpha Project,658,433,88,,,17.008786792355060,,,,5.476233631385725,,0.053643741307138
Location 658 - Associated Students of San Diego State University,658,473,89,,,12.587777632713696,,,,5.534630630914547,,0.040844117575171
Location 658 - Salvation Army Kroc Center,658,391,90,,,11.286707125304382,,,,5.566328983118387,,0.056814938546150
Location 658 - P2285 - SP: Pendleton Elementary,658,236,93,,,12.877963544277904,,,,5.617394349497491,,0.051585732999442
Location 658 - P1602 - Wesley House,658,233,97,,,13.572194255505696,,,,5.835213262383506,,0.040926264622279
Location 658 - Wesley House,658,524,98,,,13.572194255505696,,,,5.835213262383506,,0.040926264622279
Location 658 - P1504 - SP: Rolando Park Elementary,658,232,99,,,12.209535164393223,,,,5.861113599555017,,0.052667291881542
Location 658 - P1030 - Special Delivery San Diego,658,182,111,,,18.825902076884596,,,,6.289407613603528,,0.064465671281593
Location 658 - Special Delivery (Super Pantry),658,506,112,,,18.825902076884596,,,,6.289407613603528,,0.064465671281593
Location 658 - Sister League of San Diego,658,376,122,,,19.996712211113532,,,,6.566573771524268,,0.058203836593478
Location 658 - Vista La Mesa Elementary (Lemon Grove),658,295,125,,,13.645117820476820,,,,6.598104589850976,,0.061894266700789
Location 658 - P1550 - San Diego Military Outreach Ministries (MEM),658,35,127,,,13.557664923195897,,,,6.613038254549050,,0.064994223075486
Location 658 - P1146 - Stepping Higher Inc.,658,177,128,,,13.610255413165138,,,,6.655489438594879,,0.067938797216798
Location 658 - Journey to Freedom Inc.,658,449,131,,,15.408498272776690,,,,6.675967974075416,,0.063080995842285
Location 658 - CRF Calworks Step Forward,658,381,133,,,18.983752410558928,,,,6.737517583948017,,0.056568137974544
Location 658 - P1100 - Mission Village Christian,658,247,135,,,7.368200890137970,,,,6.792584766300646,,0.047267157304292
Location 658 - Mission Village Christian Fellowship,658,428,136,,,7.368200890137970,,,,6.792584766300646,,0.047267157304292
Location 658 - Ascension Evangelical Lutheran Church (e-site),658,788,137,,,10.000454193181437,,,,6.852386511957862,,0.049396283952736
Location 658 - P1165 - CRF Vista Balboa,658,169,144,,,18.840143061724262,,,,6.931413135557024,,0.056090390904726
Location 658 - CRF Vista Balboa,658,399,145,,,18.840143061724262,,,,6.931413135557024,,0.056090390904726
Location 658 - Ascension Evangelical Lutheran Church (mass),658,773,148,,,10.656714531412113,,,,7.044367054744951,,0.050966504639001
Location 658 - Christie's Place,658,407,156,,,21.399348821690765,,,,7.198241305960849,,0.058443395675934
Location 658 - San Diego High School (SDUSD),658,813,157,,,14.892055398186301,,,,7.202020884068862,,0.055698995252265
Location 658 - P1444 - PSCDC at Versa (MEM),658,206,160,,,17.840297216854683,,,,7.294862687962234,,0.050874164107347
Location 658 - College Avenue Center,658,637,166,,,15.815185076892352,,,,7.487003264924182,,0.054665351086096
Location 658 - Vista Hill Parentcare,658,423,168,,,16.307414031658208,,,,7.613008685078643,,0.072502393728534
Location 658 - Calvary Chapel La Mesa,658,377,176,,,15.639024359383381,,,,7.723468368389739,,0.074300695503292
Location 658 - CARITAS Care,658,452,180,,,16.157524734745625,,,,7.774598330359453,,0.077921575814601
Location 658 - Exodus Sober Living Home,658,527,191,,,17.355064890299648,,,,7.978082325873045,,0.073196326441184
Location 658 - Ladle Fellowship,658,820,193,,,14.962245318759360,,,,8.022974955175599,,0.061029877483213
Location 658 - Westminster Manor,658,655,199,,,15.086439884726207,,,,8.075778679425246,,0.061175901432801
Location 658 - P1420 - Veterans Village of San Diego (MEM),658,208,206,,,21.925412232916276,,,,8.337577416285439,,0.083414007569909
Location 658 - Veterans Village of San Diego (mil/vet),658,398,207,,,21.925412232916276,,,,8.337577416285439,,0.083414007569909
Location 658 - P1325 - SP: Lemon Grove Academy,658,37,210,,,19.170387946495065,,,,8.390855943120220,,0.079043885351256
Location 658 - P2356 - MCAS Miramar,658,252,215,,,21.557543902189398,,,,8.580415649709893,,0.085860491353499
Location 658 - San Diego Armed Services YMCA (mil/vet) (mass),658,766,217,,,9.305971585205668,,,,8.668618273268308,,0.056248504962113
Location 658 - St. John of The Cross Catholic Church,658,394,224,,,19.659376050193330,,,,8.855455140488834,,0.083751980400479
Location 658 - Miracle Babies,658,536,227,,,12.875914199772442,,,,8.965805886138941,,0.068289601493464
Location 658 - Miracle Babies (DB),658,717,228,,,12.875914199772442,,,,8.965805886138941,,0.068289601493464
Location 658 - Old Town Community Church (e-site) (Super Pantry),658,784,230,,,23.656607242994873,,,,9.001418924280586,,0.087393357304484
Location 658 - Ministerio Tiempo Nuevo (e-site) (Super Pantry),658,802,231,,,19.815786984639452,,,,9.014235183175950,,0.085921116921245
Location 658 - St. John's Plaza,658,629,237,,,20.048504325394301,,,,9.217135161124327,,0.085243701402515
Location 658 - P1057 - Ronald McDonald House Charities of San Diego,658,245,245,,,13.505292464886583,,,,9.564117236391347,,0.064372607625519
Location 658 - Ronald McDonald House Charities,658,390,246,,,13.505292464886583,,,,9.564117236391347,,0.064372607625519
Location 658 - Catholic Charities EFDN (e-site),658,795,247,,,9.038766564153942,,,,9.567839331743654,,0.078707942582967
Location 658 - Canyon Hills High School,658,814,249,,,9.947481911044179,,,,9.695109047271881,,0.075845250289699
Location 658 - P1521 - San Diego Mesa College (MEM),658,211,250,,,13.746625461557191,,,,9.808791302057324,,0.078072283549839
Location 658 - San Diego Mesa College Foundation (mobile pantry),658,360,251,,,13.746625461557191,,,,9.808791302057324,,0.078072283549839
Location 658 - Salvation Army Citadel Corps,658,375,252,,,15.164677591314195,,,,9.820995741797026,,0.067230094993686
Location 658 - Bayside Community Center,658,537,257,,,19.542156120879376,,,,9.857320666555113,,0.073985349875724
Location 658 - Murphy Canyon Military Bread Ministry (mil/vet),658,469,260,,,10.599838972927742,,,,9.926238262020750,,0.072559011745618
Location 658 - Second Families,658,572,266,,,20.420241046121777,,,,10.101153802655030,,0.073843105469970
Location 658 - Assistance for Veterans (mil/vet),658,457,268,,,13.952944376115770,,,,10.113284600827741,,0.083228534205901
Location 658 - P2236 - SP: Jeff and Deni Jacobs Child Development Center,658,213,271,,,20.548915333416481,,,,10.180055183262498,,0.074881657949209
Location 658 - Belden Village,658,663,280,,,14.478568065747183,,,,10.556055554470795,,0.078773467571163
Location 658 - P1066 - Jewish Family Service,658,246,281,,,11.234648098487240,,,,10.630767158214036,,0.077684430409022
Location 658 - Jewish Family Service of San Diego (DB),658,705,282,,,11.234648098487240,,,,10.630767158214036,,0.077684430409022
Location 658 - Jewish Family Service of SD (mil/vet @30%)(e-site)(Super Ptr,658,769,283,,,11.234648098487240,,,,10.630767158214036,,0.077684430409022
Location 658 - P1623 - SP: Dewey Elementary,658,210,284,,,27.832297430643138,,,,10.648123992561210,,0.101288113747485
Location 658 - P1481 - CRF North Start/Esperanza,658,209,289,,,27.808823064282706,,,,10.802480150006414,,0.096921044698222
Location 658 - Church of Jesus Christ of LDS (Linda Vista)(mass),658,750,291,,,21.524023393046612,,,,10.854995128535528,,0.078552646789972
"Location 658 - Church of Jesus Christ of Latter-Day Saints in Linda Vista,T",658,664,292,,,22.060716818074098,,,,10.978645662379506,,0.078677158880652
Location 658 - P2027 - Rock Church- Point Loma,658,201,295,,,26.657459307276969,,,,11.145769680497196,,0.109714058008266
Location 658 - USO Council of San Diego (DB) (mil/vet),658,682,298,,,25.359741003264897,,,,11.274991214344539,,0.100582935536449
Location 658 - P2248 - LoveDoes Mobile Food Pantry,658,203,303,,,27.895545137509565,,,,11.393866015384805,,0.108904768930774
Location 658 - Love Does Parade,658,571,304,,,27.895545137509565,,,,11.393866015384805,,0.108904768930774
Location 658 - Torero Renaissance Scholars - USD,658,519,308,,,26.399304007917998,,,,11.531382009134049,,0.085343740774802
Location 658 - Clairemont Canyons Academy,658,274,316,,,13.637177449117299,,,,11.858498795860651,,0.095305507149877
Location 658 - P2034 - Rock Church- San Marcos,658,202,317,,,29.977775209526467,,,,11.934300334894587,,0.113880177977057
Location 658 - Church of Jesus Christ of Latter Day Saints North Clairemont,658,670,327,,,14.972190800652506,,,,12.730154898836428,,0.103050906544920
Location 658 - P2259 - PP: Ocean Beach,658,205,330,,,31.076948805147033,,,,13.178045473493739,,0.126013788031616
Location 658 - St. Agnes Church (mass),658,765,339,,,34.428111709499611,,,,13.761833166380280,,0.129337531110185
Location 658 - Riley Elementary (SDUSD-1),658,336,344,,,17.954525477790085,,,,14.043418511050913,,0.093928175403339
Location 658 - Second Chances: Bread of Life,658,417,345,,,33.351210632481205,,,,14.177442015975412,,0.137970977277818
"Location 658 - Alley Food Ministry, the",658,555,346,,,33.351210632481205,,,,14.177442015975412,,0.137970977277818
Location 658 - Sorrento Towers,658,622,348,,,34.924925523719509,,,,14.387044080336121,,0.095508095508942
"Location 658 - P1023 - Ocean Beach Emergency Food, Inc.",658,204,349,,,33.938791347265692,,,,14.431691970020868,,0.139698390791425
"Location 658 - Ocean Beach Emergency Food, Inc",658,386,350,,,33.938791347265692,,,,14.431691970020868,,0.139698390791425
Location 658 - Birthline of San Diego - Clairemont (DB),658,733,366,,,18.975482578684566,,,,15.313709323337649,,0.110507971713230
Location 658 - P1093 - Community Christian,658,240,369,,,19.345912157134830,,,,15.512309105066493,,0.109669628922412
Location 658 - Community Christian Service Agency (e-site),658,764,370,,,19.345912157134830,,,,15.512309105066493,,0.109669628922412
Location 658 - P2220 - Pacific Beach United Methodist Church,658,207,384,,,38.586916655502279,,,,17.116911064121787,,0.141850276810961
"Location 661 - Unity Center San Diego, the",661,661,1,,,0.000000000000000,,,,0.000000000000000,,0.000000000000000
Location 661 - Military Outreach Ministry - South (DB) (Mil/Vet),661,679,2,,,0.272274683276865,,,,0.129852527707510,,0.001362395658374
Location 661 - P2153 - Christ Community Church (LoveActs),661,250,3,,,7.850114977766394,,,,1.736054854688718,,0.012586007127886
Location 661 - P1533 - Miramar College (MEM),661,249,4,,,7.457043857387524,,,,2.751025149342854,,0.015474903006320
"Location 661 - Miramar College Foundation, INC.",661,518,5,,,7.457043857387524,,,,2.751025149342854,,0.015474903006320
Location 661 - P1645 - Support the Enlisted Project (STEP) (MEM),661,255,6,,,5.710604883918689,,,,2.790901843526595,,0.022858867862570
"Location 661 - Support the Enlisted Project, INC. (STEP) (DB) (mil/vet)",661,712,7,,,5.710604883918689,,,,2.790901843526595,,0.022858867862570
Location 661 - P2342 - Christ Community Church (Love Acts),661,251,8,,,5.166105078505430,,,,2.850461191958738,,0.015906600471497
Location 661 - Alliance for Quality Education,661,510,9,,,6.207748572257976,,,,3.329914344572816,,0.018531049799398
Location 661 - Mira Mesa Senior Center,661,647,10,,,6.207748572257976,,,,3.329914344572816,,0.018531049799398
Location 661 - SDFB San Diego Food Bank (off-site events),661,413,11,,,11.424657127618159,,,,3.752899263471679,,0.031761616050078
Location 661 - SDFB Employee Food Assistance Program,661,414,12,,,11.424657127618159,,,,3.752899263471679,,0.031761616050078
Location 661 - San Diego Food Bank (Senior Food Program),661,608,13,,,11.424657127618159,,,,3.752899263471679,,0.031761616050078
Location 661 - Door Dash Home Delivery,661,671,14,,,11.424657127618159,,,,3.752899263471679,,0.031761616050078
Location 661 - SDFB Emergency Food (ZERO balances),661,801,15,,,11.424657127618159,,,,3.752899263471679,,0.031761616050078
Location 661 - ICNA Relief USA,661,552,16,,,11.440964532217841,,,,3.856076105633794,,0.033386210751016
Location 661 - ICNA Relief USA (DB),661,727,17,,,11.440964532217841,,,,3.856076105633794,,0.033386210751016
Location 661 - P1117 - FSD Emergency Food (24 boxes),661,241,18,,,9.803706074845474,,,,6.039637109676498,,0.050816449035006
Location 661 - P1382 - Community Partnership Events,661,242,19,,,9.803706074845474,,,,6.039637109676498,,0.050816449035006
Location 661 - P2139 - FSD Marketplace,661,243,20,,,9.803706074845474,,,,6.039637109676498,,0.050816449035006
Location 661 - P2156 - PP: FSD,661,244,21,,,9.803706074845474,,,,6.039637109676498,,0.050816449035006
Location 661 - P2282 - PP: Rancho Peñasquitos,661,254,22,,,20.894555514971056,,,,8.365280360684004,,0.062502788998406
Location 661 - P1198 - Courage to Call (MEM),661,248,23,,,11.435411456867001,,,,8.888498214842242,,0.064209639771638
Location 661 - ElderHelp of San Diego,661,531,24,,,10.549408347166068,,,,9.260908893889489,,0.066483966821153
Location 661 - P1535 - SP: The Preuss School,661,108,26,,,17.276239671230506,,,,10.069739589437866,,0.090416749887411
Location 661 - Preuss School (SDUSD),661,809,27,,,17.288771410775517,,,,10.070783901066616,,0.090415430491923
Location 661 - North City Church (Distribution),661,357,28,,,11.545795549227716,,,,10.270238710093366,,0.076241407535784
Location 661 - North City Church,661,484,29,,,11.545795549227716,,,,10.270238710093366,,0.076241407535784
Location 661 - P1595 - BP: JCCS,661,212,30,,,11.894454501158645,,,,10.573529413937433,,0.066153767028853
Location 661 - P1303 - Our Lady of Mt Carmel Church,661,253,31,,,15.294629925371860,,,,10.656456341561993,,0.074734754087771
Location 661 - P2006 - University of California San Diego (UCSD) (MEM),661,109,36,,,21.258068841520959,,,,11.411046631967206,,0.104889861302463
Location 661 - UCSD Basic Needs Center,661,451,37,,,21.258068841520959,,,,11.411046631967206,,0.104889861302463
Location 661 - Los Penasquitos Elementary (Poway Unified),661,320,38,,,15.642202256435016,,,,11.535755710878021,,0.082684606011835
Location 661 - Neighborhood House Association (FCCP),661,546,39,,,13.034386923734143,,,,11.564702893111686,,0.065507710606354
Location 661 - Neighborhood House Association (FCCP) (DB),661,723,40,,,13.034386923734143,,,,11.564702893111686,,0.065507710606354
Location 661 - Gathering Place Church. The,661,418,43,,,12.373544376234419,,,,12.242558048595196,,0.091961233455618
Location 661 - Mesa View Baptist Church,661,646,44,,,14.896282356561318,,,,12.396037902136641,,0.094282902160085
Location 661 - Mesa View Baptist Church (e-site),661,746,45,,,14.896282356561318,,,,12.396037902136641,,0.094282902160085
Location 661 - Pomerado Elementary (Poway Unified),661,322,46,,,15.790730466957925,,,,12.645741998102752,,0.092224423947453
Location 661 - Poway Villas Apartments,661,650,55,,,16.093418908903679,,,,13.721566451524795,,0.105028863560006
Location 661 - Valley Elementary (Poway Unified),661,323,56,,,16.442843898438070,,,,13.745854891988060,,0.104749578014138
Location 661 - Park Church Poway,661,586,60,,,21.337668922697681,,,,14.515370622534629,,0.117903810813976
Location 661 - Midland Elementary (Poway Unified),661,321,63,,,21.666230541159695,,,,14.810718480028083,,0.119430104644531
Location 661 - Light of the World Christian Church,661,578,64,,,20.101944333031192,,,,15.010454581201035,,0.121884920644560
Location 661 - St. Gabriel's Catholic Church,661,440,73,,,22.879804579810031,,,,16.245891078201712,,0.128370157731409
Location 661 - St. Gabriel's Catholic Church (DB),661,684,74,,,22.879804579810031,,,,16.245891078201712,,0.128370157731409
Location 661 - YIT (Youth in Transition Center),661,278,75,,,23.008523586528167,,,,16.292736409506738,,0.127070926976847
Location 661 - P1426 - The Community Food Connection,661,130,80,,,23.688648044352270,,,,16.980472429791348,,0.134316271540815
Location 661 - Community Food Connection (e-site),661,767,81,,,23.688648044352270,,,,16.980472429791348,,0.134316271540815
Location 661 - Fairbanks Terrace,661,660,83,,,27.357582683634899,,,,17.217399255464699,,0.122177004321499
Location 661 - Fischer Family Community Outreach Foundation,661,529,91,,,20.649138461700936,,,,18.101033610812344,,0.093931961066523
Location 678 - Shaback (DB),678,678,1,,,0.000000000000000,,,,0.000000000000000,,0.000000000000000
Location 678 - P1445 - MP: Shelter Valley,678,103,2,,,1.263050545158008,,,,1.224647885758650,,0.008901777717520
Location 678 - P2204 - PP: Shelter Valley,678,106,3,,,1.263050545158008,,,,1.224647885758650,,0.008901777717520
Location 678 - Shelter Valley Citizens Corporation (mass),678,757,4,,,1.263050545158008,,,,1.224647885758650,,0.008901777717520
Location 678 - P2200 - PP: Butterfield,678,105,5,,,9.634042264013949,,,,12.757991141934792,,0.078140405411808
Location 678 - P2270 - MP: Butterfield,678,107,6,,,9.634042264013949,,,,12.757991141934792,,0.078140405411808
Location 678 - P1592 - BP: Julian Elementary School,678,104,7,,,20.697503500855561,,,,21.034316114900935,,0.150514079029432
Location 678 - Mt Manna,678,427,8,,,22.292305897663912,,,,22.249671309817980,,0.159961529734490
Location 678 - P1285 - Mt. Manna (UMC of Julian),678,102,9,,,23.601420239468510,,,,23.771926259789584,,0.175145819606092
Location 678 - P1368 - MP: Julian,678,142,10,,,25.993230006513585,,,,25.000389145642814,,0.202720843392470
Location 678 - P2203 - PP: Julian,678,144,11,,,25.995561319480046,,,,25.002720458609275,,0.202715867994509
Location 678 - P2326 - MP: Ranchita,678,137,12,,,21.952435586297518,,,,31.201194169241841,,0.149782144287766
Location 678 - P2257 - SP: Warner Elementary,678,164,13,,,22.134261517367761,,,,31.263969052857483,,0.281877313673044
Location 678 - Warner Springs Community Resource Center,678,644,14,,,22.134261517367761,,,,31.263969052857483,,0.281877313673044
Location 678 - Warner Springs Community Resource Center (mass),678,753,15,,,22.134261517367761,,,,31.263969052857483,,0.281877313673044
Location 678 - Shaback,678,342,16,,,22.149126531425875,,,,31.491358957554475,,0.148124954322538
Location 678 - Borrego Springs Elementary (Borrego Springs Unified),678,313,17,,,25.943350485516685,,,,32.265531272214560,,0.197054581118007
Location 678 - St. Barnabas Episcopal Church (mass),678,756,18,,,27.260680678747278,,,,33.586316827886108,,0.177482960430772
Location 678 - P1347 - MP: Borrego Springs,678,55,19,,,28.671900328346354,,,,34.093630152509547,,0.178985726433577
Location 678 - Borrego Springs Community Center,678,579,20,,,29.564783270807816,,,,34.575138121052099,,0.183112850758650
Location 678 - P1413 - SP: Borrego Springs HS,678,56,21,,,30.666084309509902,,,,36.649443925508074,,0.176230191464040
Location 678 - P1644 - MP: Santa Ysabel,678,143,22,,,38.131008746436571,,,,38.333284469831590,,0.212871912382001
Location 738 - Oxford Terrace Apartments (mass),738,738,1,,,0.000000000000000,,,,0.000000000000000,,0.000000000000000
Location 738 - CRF Step Forward South,738,577,2,,,1.884522145136004,,,,0.612508345250122,,0.004502366783745
Location 738 - P2350 - BP: Palomar High School,738,22,3,,,1.391358869579915,,,,0.650074494063316,,0.004626834169396
Location 738 - P1194 - Most Precious Blood Church,738,16,4,,,2.195240784651562,,,,0.814002400371150,,0.006348236580513
Location 738 - Harborside Elementary School (Chula Vista Elem District),738,288,5,,,3.369637266597852,,,,1.006655343064185,,0.007828205656057
Location 738 - Victory Lutheran Church (Victory Resource Center),738,545,6,,,3.339524914796857,,,,1.032751604264923,,0.010261236176427
Location 738 - Victory Lutheran Church (DB),738,722,7,,,3.339524914796857,,,,1.032751604264923,,0.010261236176427
Location 738 - Calvin J. Lauderbach Elementary (Chula Vista Elem District),738,285,8,,,2.656895098072117,,,,1.137866508951132,,0.008883382208575
Location 738 - Civic Center Barrio Housing Corporation,738,567,9,,,3.541976455102421,,,,1.156627698238095,,0.010481865989901
Location 738 - P1630 - South Bay Food Pantry,738,18,10,,,3.187105398674165,,,,1.318897196523570,,0.009310188600060
Location 738 - First Unitarian Universalist Church (DB) South Bay FP,738,719,11,,,3.187105398674165,,,,1.318897196523570,,0.009310188600060
Location 738 - First Unitarian Universalist Church,738,541,12,,,3.839405980487306,,,,1.394275863740204,,0.009503348826821
Location 738 - P1080 - Life Acts/Life Christian Center,738,15,13,,,5.618688341678442,,,,1.473054379121091,,0.010845970665994
Location 738 - MAAC Project,738,613,14,,,4.351367672850518,,,,1.489350145345539,,0.011755308171663
Location 738 - MAAC Project Chula Vista (mass),738,747,15,,,4.420595001564443,,,,1.549406851665475,,0.012035488521529
Location 738 - Lilian J Rice Elementary (Chula Vista Elem District),738,340,16,,,3.621327994170610,,,,1.582819880325897,,0.010807970475167
Location 738 - Seniors On Broadway,738,648,17,,,3.909685759541545,,,,1.676686853369707,,0.013784085359989
Location 738 - John Montgomery Elementary (Chula Vista Elem District),738,294,18,,,3.183957308458441,,,,1.704173890116157,,0.012798774687593
Location 738 - Project 1:1,738,431,19,,,5.230153942164735,,,,1.881130539363952,,0.012837366517040
Location 738 - P1476 - SP: SIATECH South Bay,738,17,20,,,6.753552218130569,,,,1.956133455689662,,0.014542213611653
Location 738 - P2075 - SP: Castle Park Middle,738,19,21,,,6.941057439238145,,,,2.315848101767300,,0.018419119089555
Location 738 - Life Christian Center (Life Acts),738,470,22,,,9.403707495605737,,,,2.318384234991490,,0.015532725626004
Location 738 - Us for Warriors Foundation (US4 Warriors) (mil/vet),738,504,23,,,7.998917780094256,,,,2.527924103924820,,0.016604594605171
Location 738 - Otay Elementary (Chula Vista Elem District),738,332,24,,,5.326217532588830,,,,2.830790374453252,,0.022467391979929
Location 738 - Iglesia Palabra Viva,738,429,25,,,5.942408396080365,,,,2.880410868315186,,0.024766764008627
Location 738 - P1072 - Salvation Army Chula Vista,738,9,26,,,6.901608437684608,,,,3.163819879506433,,0.021940906655619
Location 738 - Chula Vista Silvercrest Apartments,738,645,27,,,7.044221689930209,,,,3.218091894826621,,0.022331859451211
Location 738 - P2268 - SP: Loma Verde Elementary,738,21,28,,,5.999875142948488,,,,3.295955957792635,,0.029374429647332
Location 738 - P1452 - Ocean View Church,738,258,29,,,8.519056364550636,,,,3.639461656638387,,0.023642403132263
Location 738 - Vista Square Elementary (Chula Vista Elem District),738,299,30,,,8.703153139090720,,,,3.683060741985612,,0.029634588419148
Location 738 - P2195 - BP: Hazel Cook Elementary,738,20,31,,,10.057461530078593,,,,3.753078047050403,,0.028381413438859
Location 738 - Palomar Elementary (Chula Vista Elem District),738,265,32,,,8.477655099015303,,,,3.756979335985070,,0.036169322325330
Location 738 - P2073 - Operation Promise Community Services,738,45,33,,,7.795178880534315,,,,3.921996465409316,,0.029975564663422
Location 738 - Sunny Slope Elementary,738,312,34,,,9.376411867880531,,,,3.965893789507257,,0.027373251606739
Location 738 - P1069 - St. Rose of Lima,738,8,35,,,9.037873923410746,,,,3.979613365476813,,0.028456211586403
Location 738 - P2241 - SP: Hilltop Child Development Center,738,13,36,,,9.636235077667184,,,,4.027185219171670,,0.027044476066857
Location 738 - Berean Bible Baptist Church,738,424,37,,,8.822472058586534,,,,4.071375640603048,,0.031552375416403
Location 738 - Iglesia Cristiana Getsemani (mass),738,748,38,,,8.111469796505274,,,,4.297823027923100,,0.036614368891939
Location 738 - Pence Elementary,738,309,39,,,8.508084867347760,,,,4.304494247048623,,0.032311889401067
Location 738 - P2345 - BP: Howard Gardner Community School,738,14,40,,,9.474607990623078,,,,4.492033252501949,,0.037953740281499
Location 738 - St. Mark's Lutheran Church,738,610,41,,,11.535492616352681,,,,4.626963582442416,,0.030904509298644
Location 738 - Lutheran Soc Services of So Cal - Project Hand (mass),738,739,42,,,11.535492616352681,,,,4.626963582442416,,0.030904509298644
Location 738 - Lutheran Soc Services of So Cal - Project Hand (e-site),738,745,43,,,11.535492616352681,,,,4.626963582442416,,0.030904509298644
Location 738 - Sunrise Church of Christ,738,396,44,,,10.130519394069665,,,,4.633596572490891,,0.034067038434904
Location 738 - Fred H Rohr Elementary (Chula Vista Elem District),738,267,45,,,7.725902505201725,,,,4.679404245188754,,0.037354032351539
Location 738 - P1083 - Templo Evangelico Maranatha,738,10,46,,,10.447936272215989,,,,4.713661164918727,,0.036884215267096
Location 738 - CMC Good Neighbor Center (Nestor Site) (e-site),738,736,47,,,11.740160337232988,,,,4.830171951786506,,0.032565678259845
Location 738 - Nestor Methodist Church (mass),738,737,48,,,11.740160337232988,,,,4.830171951786506,,0.032565678259845
Location 738 - Feaster Elementary School (Chula Vista Elem District),738,331,49,,,10.342466215034971,,,,4.833819092533448,,0.040016525850442
Location 738 - P2097 - San Diego South Bay SDA Church,738,259,50,,,12.901928898095278,,,,4.912257632925348,,0.027724589828441
Location 738 - South Bay Pentecostal,738,345,51,,,9.631809543130393,,,,4.994996177583623,,0.040730592218471
Location 738 - Emory Elementary,738,306,52,,,12.350017247205566,,,,5.115977667425776,,0.033727990468175
Location 738 - P2196 - SP: Teofilo Mendoza Elementary,738,260,53,,,12.428355428987105,,,,5.189464922801650,,0.033320485422789
Location 738 - Mendoza Elementary,738,328,54,,,12.428355428987105,,,,5.189464922801650,,0.033320485422789
Location 738 - Nestor Elementary,738,308,55,,,12.397523576469892,,,,5.361502392233769,,0.038032441765637
Location 738 - San Ysidro Health Center (DB),738,703,56,,,12.088092579810825,,,,5.427394457716904,,0.044291024493102
Location 738 - New Gateway Solutions Corporation,738,464,57,,,11.591857744094074,,,,5.553154264863810,,0.042730504729118
Location 738 - Juarez-Lincoln Elementary (Chula Vista Elem District),738,268,58,,,10.350513589964240,,,,5.567314721879896,,0.041933360508003
Location 738 - Feeding the Flock (Love Thy Neighbor),738,474,59,,,12.592221966204734,,,,5.611921755617607,,0.044403414245149
Location 738 - Upper Room Pentecostal (mass),738,763,60,,,13.107863555968084,,,,5.670591856173995,,0.037822313929182
Location 738 - Urban Refuge (DB),738,685,61,,,12.214872708435859,,,,5.877436937229683,,0.043740489044990
Location 738 - Villa Serena Apartments,738,642,62,,,11.159503889622862,,,,6.000564745339489,,0.054694377181455
Location 738 - Berry Elementary,738,300,63,,,14.153921921529321,,,,6.005894219636760,,0.041451431706821
Location 738 - Central Elementary (South Bay),738,316,64,,,15.226850002090078,,,,6.179058756120133,,0.042233761377979
Location 738 - Smythe Elementary (San Ysidro),738,303,65,,,10.160083789043636,,,,6.221464173721113,,0.050158992733943
Location 738 - P2077 - Project 1:1,738,27,66,,,14.006734968384242,,,,6.253627310126483,,0.042962664457627
Location 738 - P1511 - SP: Bayside STEAM,738,26,67,,,15.985045103755738,,,,6.488564146823049,,0.040362530300141
Location 738 - Sunset Elementary (San Ysidro),738,287,71,,,13.323933599855760,,,,6.787381633999799,,0.056003934222141
Location 738 - P1537 - Higher Education Center San Ysidro (MEM),738,261,73,,,12.952212729585343,,,,6.838107557916939,,0.057166846163382
Location 738 - St. James Lutheran Church & School,738,627,76,,,15.862456310339990,,,,6.965674952246171,,0.048278009577162
Location 738 - P2131 - Imperial Beach Neighborhood Center,738,28,77,,,15.035746528284234,,,,7.002247396519704,,0.051551103351273
Location 738 - Imperial Beach Neighborhood Center (mass),738,741,78,,,15.035746528284234,,,,7.002247396519704,,0.051551103351273
Location 738 - Us for Warriors Foundation (mil/vet)(mobile pantry),738,368,79,,,14.716599792785123,,,,7.062245721130382,,0.063250196807135
Location 738 - Hearts and Hands Working Together,738,348,82,,,13.658683591066371,,,,7.286423747270252,,0.058325919624260
Location 738 - Oneonta Elementary,738,302,83,,,16.985855477901588,,,,7.306135411223155,,0.049405547922373
Location 738 - IB Charter Elementary,738,314,84,,,17.025897513981647,,,,7.455212368573274,,0.052407652163544
Location 738 - Cesar Chavez Recreation Center,738,601,91,,,16.974302751375895,,,,8.132714991985129,,0.067979990654654
Location 738 - Willow Elementary (San Ysidro),738,334,93,,,16.453465577138019,,,,8.190388103244583,,0.068577711543861
Location 738 - Harvest Ridge Apartments,738,632,94,,,14.918374025122020,,,,8.410492359149519,,0.083336790903674
Location 738 - Hearts and Hands Working Together (mass),738,743,97,,,17.474698350309815,,,,8.582059349938394,,0.071054658278982
Location 738 - Hearts and Hands Working Together (e-site) (Super Pantry),738,740,101,,,17.941485245447303,,,,9.207394954496037,,0.075398744284475
Location 738 - P1536 - Southwestern College (MEM),738,12,105,,,19.067971515476223,,,,10.152096962402192,,0.089213111956399
Location 738 - Southwestern College,738,363,106,,,19.067971515476223,,,,10.152096962402192,,0.089213111956399
Location 738 - Southwestern Community College District,738,471,107,,,19.067971515476223,,,,10.152096962402192,,0.089213111956399
Location 738 - Southwestern Community College District (DB),738,690,108,,,19.067971515476223,,,,10.152096962402192,,0.089213111956399
Location 738 - P2103 - Rock Church- Chula Vista,738,23,133,,,17.248207943972783,,,,12.166406552976767,,0.110535776919456
"Location 738 - Salvation Army ARC (Adult Rehab Center), The",738,392,136,,,17.490790139789304,,,,12.370073098518905,,0.103811674063136
"Location 738 - Charity in Faith, Inc.",738,557,165,,,16.405985456538090,,,,14.034221691180889,,0.117019099427767
Location 744 - P1012 - Fallbrook Food Pantry,744,165,1,,,0.000000000000000,,,,0.000000000000000,,0.000000000000000
Location 744 - Fallbrook Food Pantry,744,343,2,,,0.000000000000000,,,,0.000000000000000,,0.000000000000000
Location 744 - Fallbrook Food Pantry,744,616,3,,,0.000000000000000,,,,0.000000000000000,,0.000000000000000
Location 744 - Fallbrook Food Pantry (Super Pantry) (e-site),744,744,4,,,0.000000000000000,,,,0.000000000000000,,0.000000000000000
Location 744 - Fallbrook Spanish Seventh Day Adventist Church (Distribution,744,354,5,,,0.812388703166056,,,,0.530094355286869,,0.004686877263790
Location 744 - Fallbrook Spanish Seventh Day Adventist Church (DB),744,687,6,,,0.812388703166056,,,,0.530094355286869,,0.004686877263790
Location 744 - P2332 - MP: Downtown Fallbrook,744,101,7,,,2.347710381386348,,,,1.130105163830153,,0.010402401464302
Location 744 - Maie Ellis Elementary,744,286,8,,,5.171536150754009,,,,1.487087523603190,,0.011499779287870
Location 744 - Fallbrook STEAM Academy Elementary (Fallbrook Union),744,324,9,,,4.528401630804991,,,,1.787661691903676,,0.013538651630659
Location 744 - La Paloma Elementary,744,325,10,,,3.560290804217584,,,,1.934355025000161,,0.010113271177052
Location 744 - William Frazier Elementary,744,282,11,,,2.407288897324769,,,,1.949924980118054,,0.019101091047154
Location 744 - Christ the King Lutheran Church,744,450,12,,,7.160749799461805,,,,4.264665684820676,,0.029633998606716
Location 744 - Live Oak Elementary,744,327,13,,,8.406245401213864,,,,4.476280159131177,,0.029123898684804
Location 744 - Vallecitos Elementary School,744,266,14,,,12.322380505975111,,,,11.701872281700904,,0.098437843657551
Location 744 - Christ the King Lutheran Church (Distribution),744,352,15,,,12.322380505975111,,,,11.701872281700904,,0.098437843657551
Location 744 - P1411 - MP: Bonsall,744,54,16,,,14.249247551603059,,,,11.806550774569939,,0.087843378022314
Location 744 - P1412 - MP: Fallbrook,744,100,17,,,13.798479668337768,,,,12.097225243842733,,0.091220735373767
Location 744 - First Step House Rainbow Glen,744,583,19,,,17.497045327493041,,,,14.673096865323794,,0.094361393900158
Location 744 - P2263 - PP: Bonnie Plants (CLOSED),744,126,21,,,19.505726425248611,,,,19.967513692910018,,0.141009078158554
Location 744 - P2264 - MP: Bonnie Plants (CLOSED),744,127,22,,,19.505726425248611,,,,19.967513692910018,,0.141009078158554
Location 755 - P1076 - Salvation Army El Cajon,755,73,1,,,0.000000000000000,,,,0.000000000000000,,0.000000000000000
Location 755 - Salvation Army El Cajon (DB),755,692,2,,,0.000000000000000,,,,0.000000000000000,,0.000000000000000
Location 755 - Salvation Army El Cajon (mass) (Super Pantry),755,755,3,,,0.000000000000000,,,,0.000000000000000,,0.000000000000000
Location 755 - Salvation Army Back Country (mass),755,782,4,,,0.000000000000000,,,,0.000000000000000,,0.000000000000000
Location 755 - P1392 - SP: Lexington Elementary,755,62,5,,,3.298297330488398,,,,0.884024815088723,,0.006338476623873
Location 755 - P2081 - Holy Trinity Church,755,65,6,,,2.980911129520801,,,,0.937457205431636,,0.007019587716402
Location 755 - P2312 - Floodwaters AAA,755,77,7,,,1.717306167510978,,,,0.983126642603722,,0.010477077876846
Location 755 - P2037 - SP: El Cajon Valley High,755,76,8,,,2.348585455981189,,,,1.119659019713287,,0.005280986403018
Location 755 - El Cajon New Season's Church,755,631,9,,,3.305244463099082,,,,1.645676704918636,,0.009269663059955
Location 755 - St. Alban's Church,755,476,10,,,4.108819237022709,,,,1.836226922887983,,0.013963889875713
Location 755 - Welcome House,755,576,11,,,3.615216312067135,,,,1.856137873296043,,0.012240840373438
Location 755 - Afghan Community Culture Center,755,591,12,,,4.065294933872067,,,,1.894446705073823,,0.016254332358241
Location 755 - Chaldean Evangelical Church,755,593,13,,,4.006395020559856,,,,2.034735151150985,,0.019822861888154
Location 755 - Magnolia Adult Day Care Center,755,639,14,,,4.727365299394597,,,,2.175045242785486,,0.016220494646360
Location 755 - P1450 - Meridian Baptist Church,755,63,15,,,4.798636136955436,,,,2.388320725849710,,0.021351954034739
Location 755 - Prime Time Title 1 C.D.C./Meridian Baptist Church,755,408,16,,,4.798636136955436,,,,2.388320725849710,,0.021351954034739
Location 755 - Meridian Baptist Church,755,638,17,,,4.798636136955436,,,,2.388320725849710,,0.021351954034739
Location 755 - P1052 - East County Trans. Living Ctr,755,72,18,,,5.019404064655173,,,,2.462420288711948,,0.023339209575848
Location 755 - Jesus Cares Ministry (DB),755,689,19,,,4.913313644684869,,,,2.467113713667843,,0.023434726526099
Location 755 - Dayspring Christian Learning Center,755,438,20,,,5.043614500028569,,,,2.516727077465243,,0.019210203221624
Location 755 - P1097 - El Cajon Seventh Day Adventist (SDA),755,61,21,,,4.912025192546277,,,,2.651078174373619,,0.026253259277656
Location 755 - El Cajon Seventh Day Adventist Church,755,353,22,,,4.912025192546277,,,,2.651078174373619,,0.026253259277656
Location 755 - El Cajon Seventh Day Adventist Church,755,456,23,,,4.912025192546277,,,,2.651078174373619,,0.026253259277656
Location 755 - P1410 - San Ysidro Health: MCHC (MEM),755,68,24,,,6.583126024206583,,,,2.949480357274624,,0.017689304734890
Location 755 - P1518 - Bethlehem Food Pantry,755,69,25,,,7.558957914338755,,,,3.165619599291722,,0.025163036288645
Location 755 - Bethlehem Food Pantry (DB) (Good Shepherd Ministry),755,693,26,,,7.558957914338755,,,,3.165619599291722,,0.025163036288645
Location 755 - It's All About the Kids Foundation,755,500,27,,,8.940945245955637,,,,3.179964046599211,,0.026495167267434
Location 755 - P1105 - CRF Halcyon Center,755,74,28,,,6.123241463204040,,,,3.299143583201195,,0.031443302172348
Location 755 - CRF Halcyon Crisis Center,755,395,29,,,6.123241463204040,,,,3.299143583201195,,0.031443302172348
Location 755 - P2041 - Rock Church- El Cajon,755,70,30,,,8.403630074195179,,,,3.761959286636942,,0.028426437291726
Location 755 - Rock Church East County,755,547,31,,,8.403630074195179,,,,3.761959286636942,,0.028426437291726
Location 755 - Rock Church East County (DB),755,724,32,,,8.403630074195179,,,,3.761959286636942,,0.028426437291726
Location 755 - P2240 - Shadow Mountain Cares,755,66,33,,,7.609482614547229,,,,4.250455392349465,,0.043016953393676
"Location 755 - P1040 - McAlister, Inc.",755,67,34,,,9.463287019672297,,,,4.422300181802512,,0.030735483342673
Location 755 - Freedom in Christ Fellowship,755,416,35,,,10.591028093746530,,,,6.732324722807745,,0.061680881951267
Location 755 - P1155 - Emmanuel Family Homes Inc.,755,32,36,,,11.273942947993318,,,,6.750456521823759,,0.040014697154523
Location 755 - P1019 - Our Church,755,33,37,,,15.001976342178157,,,,7.301882470714312,,0.065218775558146
Location 755 - Laurel Park Apartments,755,628,38,,,10.782775919576835,,,,7.315505885744138,,0.049923973320054
Location 755 - P1560 - Cuyamaca College (MEM),755,64,39,,,11.752383903678524,,,,7.598793722419870,,0.049267414377404
Location 755 - Foundation for Grossmont and Cuyamaca Colleges; Cuyamaca,755,502,40,,,11.752383903678524,,,,7.598793722419870,,0.049267414377404
Location 755 - Education Support Center,755,533,41,,,12.965623453347625,,,,8.011299587718641,,0.057976881181878
Location 755 - P1461 - Journey Community Church,755,34,42,,,14.415429037003925,,,,8.082415356477490,,0.074685756516551
Location 755 - Journey Community Church,755,344,43,,,14.415429037003925,,,,8.082415356477490,,0.074685756516551
Location 755 - Journey Community Church,755,436,44,,,14.415429037003925,,,,8.082415356477490,,0.074685756516551
Location 755 - P1124 - Lakeside Christian Helps Ctr,755,110,45,,,13.699654939980103,,,,8.121030277118022,,0.063993187315894
Location 755 - P2119 - MP: Lakeside,755,111,46,,,12.258111986883353,,,,8.483209715847709,,0.062140790986480
Location 755 - P1008 - Santa Sophia Conference,755,48,47,,,12.748649882954384,,,,8.571814823278167,,0.061026093707287
Location 755 - Spring Valley Academy (La Mesa Spring Valley Schools),755,810,48,,,14.704728240492209,,,,8.665381227302769,,0.061114921213564
Location 755 - Lakeside Christian Helps Center (e-site),755,760,49,,,15.621494475415261,,,,8.725247753188540,,0.067381069623487
Location 755 - P2245 - PP: El Cajon,755,71,50,,,17.104371774153254,,,,8.837470564981516,,0.061923466022331
Location 755 - Foundation of ... Grossmont College (mobile pantry),755,356,51,,,17.104371774153254,,,,8.837470564981516,,0.061923466022331
Location 755 - Lakeside Gardens Inc,755,617,52,,,16.488417764556552,,,,8.888726756624948,,0.066634825037741
Location 755 - La Mesa Springs Apartments,755,621,53,,,20.636861258439822,,,,8.999313646717287,,0.081783886166939
Location 755 - Word of Life Worship Center,755,419,54,,,19.137689813844581,,,,9.181896223251169,,0.072967827369030
Location 755 - P2104 - PP: Spring Valley,755,52,55,,,13.952541415581985,,,,9.299397362604983,,0.065688756233944
Location 755 - Faith Chapel - Neighborhood Distribution,755,350,56,,,13.952541415581985,,,,9.299397362604983,,0.065688756233944
Location 755 - MAAC Project Villa Lakeshore Apartments (mass),755,759,57,,,16.917331601361841,,,,9.420738287980278,,0.071248963442035
Location 755 - P1125 - Heaven's Windows,755,53,58,,,15.155650273497827,,,,9.439278545909421,,0.068967207725409
Location 755 - Spring Valley Community Church,755,402,62,,,19.078076737390958,,,,10.029059813256001,,0.078087112558082
Location 755 - Spring Valley Community Church (DB),755,676,63,,,19.078076737390958,,,,10.029059813256001,,0.078087112558082
Location 755 - Lakeshore Villa Apartments,755,649,64,,,19.378684537443171,,,,10.272477670466627,,0.092555557925852
Location 755 - New Life Baptist Church (mass),755,762,65,,,17.119384412159686,,,,10.385168593845997,,0.075327150426183
"Location 755 - Santee Food Bank, The (mass) (Super Pantry)",755,752,66,,,21.760307715196756,,,,10.601786865379580,,0.074861967399546
Location 755 - P1154 - Santee Food Bank,755,145,68,,,16.770887147529059,,,,10.745664020196628,,0.076325182986953
Location 755 - Guardian Angels Catholic Church,755,468,80,,,21.421548327379366,,,,11.759023484815298,,0.085504275763316
Location 755 - Jamul Elementary,755,330,135,,,19.107272884070007,,,,15.465385678805266,,0.112852565802300
Location 755 - SDFB at Jamul Casino (ZERO balances),755,364,141,,,21.174172320135384,,,,15.828739064993901,,0.118783264245112
Location 755 - P1238 - Jamul Community Church,755,31,155,,,20.443207197445133,,,,16.834139802234521,,0.124820764808286
Location 755 - Jamul Community Church,755,410,156,,,20.443207197445133,,,,16.834139802234521,,0.124820764808286
Location 755 - Mountain Empire Route,755,614,157,,,20.443207197445133,,,,16.834139802234521,,0.124820764808286
Location 755 - P1362 - MP: Alpine,755,1,225,,,16.841514707092887,,,,20.090618723452479,,0.178355450357793
Location 755 - P2271 - PP: Alpine,755,2,226,,,16.841514707092887,,,,20.090618723452479,,0.178355450357793
Location 755 - Amazing Grace,755,565,239,,,17.854052872402733,,,,20.773441949492859,,0.186412468505338
Location 755 - P1549 - Risinghope,755,75,459,,,28.950188590074678,,,,30.598870430714182,,0.273873697480723
Location 755 - P1365 - MP: Descanso,755,24,554,,,26.246895739120180,,,,38.645020356062666,,0.339133859771914
